<?xml version="1.0" encoding="ISO-8859-15"?>
<uc-export clientvers="12.2.0+low.build.10620">
<FolderStruct>
<includeExternalObjects>0</includeExternalObjects>
<FOLD name="PCK.AUTOMIC_ANALYTICS_SCREENSHOTS" title="">
<VARA id="1454569" link="0" name="PCK.AUTOMIC_ANALYTICS_SCREENSHOTS.PUB.VAR.METADATA"/>
<FOLD name="ACTIONS" title="">
<FOLD name="DASHBOARD" title="">
<JOBP id="1455260" link="1" name="PCK.AUTOMIC_ANALYTICS_SCREENSHOTS.PUB.ACTION.CAPTURE_DASHBOARD"/>
</FOLD>
</FOLD>
<FOLD name="CONFIG" title="">
<VARA id="1454570" link="0" name="PCK.AUTOMIC_ANALYTICS_SCREENSHOTS.PUB.PROMPT_EXTERNAL_MAP"/>
</FOLD>
<FOLD name="DOCUMENTATION" title="">
<DOCU id="1455257" link="0" name="PCK.AUTOMIC_ANALYTICS_SCREENSHOTS.PUB.DOC"/>
<DOCU id="1455258" link="0" name="PCK.AUTOMIC_ANALYTICS_SCREENSHOTS.PUB.LICENSES"/>
</FOLD>
<FOLD name="RESOURCES" title="">
<FOLD name="LIBS" title="">
<STORE id="1454581" link="0" name="PCK.AUTOMIC_ANALYTICS_SCREENSHOTS.PRV.STORE"/>
</FOLD>
</FOLD>
<FOLD name="SOURCE" title="">
<FOLD name="CAPTURE_DASHBOARD" title="">
<JOBP id="1455260" link="0" name="PCK.AUTOMIC_ANALYTICS_SCREENSHOTS.PUB.ACTION.CAPTURE_DASHBOARD"/>
<FOLD name="INTERNAL" title="">
<FOLD name="JOBS" title="">
<JOBS_UNIX id="1455268" link="0" name="PCK.AUTOMIC_ANALYTICS_SCREENSHOTS.PRV.JOB.CAPTURE_DASHBOARD@UNIX"/>
<JOBS_WINDOWS id="1455269" link="0" name="PCK.AUTOMIC_ANALYTICS_SCREENSHOTS.PRV.JOB.CAPTURE_DASHBOARD@WINDOWS"/>
</FOLD>
<FOLD name="PROMPTSETS" title="">
<PRPT id="1455270" link="0" name="PCK.AUTOMIC_ANALYTICS_SCREENSHOTS.PRV.PROMPTSET.CAPTURE_DASHBOARD"/>
</FOLD>
</FOLD>
</FOLD>
<FOLD name="SHARED" title="">
<FOLD name="INCLUDES" title="">
<JOBI id="1455264" link="0" name="PCK.AUTOMIC_ANALYTICS_SCREENSHOTS.PUB.INCLUDE.CHECK_JOBSTATUS"/>
<JOBI id="1455265" link="0" name="PCK.AUTOMIC_ANALYTICS_SCREENSHOTS.PUB.INCLUDE.ESCAPE_ARG_VALUE@UNIX"/>
<JOBI id="1455266" link="0" name="PCK.AUTOMIC_ANALYTICS_SCREENSHOTS.PUB.INCLUDE.ESCAPE_ARG_VALUE@WIN"/>
<JOBI id="1454575" link="0" name="PCK.AUTOMIC_ANALYTICS_SCREENSHOTS.PUB.INCLUDE.ATTACH_RESOURCES"/>
<JOBI id="1454576" link="0" name="PCK.AUTOMIC_ANALYTICS_SCREENSHOTS.PUB.INCLUDE.PREPARE_CMD@UNIX"/>
<JOBI id="1454577" link="0" name="PCK.AUTOMIC_ANALYTICS_SCREENSHOTS.PUB.INCLUDE.PREPARE_CMD@WINDOWS"/>
</FOLD>
<FOLD name="PROMPTSETS" title="">
<PRPT id="1455267" link="0" name="PCK.AUTOMIC_ANALYTICS_SCREENSHOTS.PUB.PROMPTSET.CONNECTION_DETAILS"/>
</FOLD>
<FOLD name="VARIABLES" title="">
<VARA id="1454578" link="0" name="PCK.AUTOMIC_ANALYTICS_SCREENSHOTS.PRV.VARA.AWI_VERSION"/>
</FOLD>
</FOLD>
</FOLD>
</FOLD>
</FolderStruct>
<VARA OVD_VRName="FREI" data_type="STATIC" name="PCK.AUTOMIC_ANALYTICS_SCREENSHOTS.PUB.VAR.METADATA" replacementmode="2">
<HEADER state="1">
<Title/>
<ArchiveKey1/>
<ArchiveKey2/>
<OH_SubType>STATIC</OH_SubType>
</HEADER>
<ATTR_VARA state="1">
<Type>C|Text</Type>
<lblSource>Static</lblSource>
<source>STATIC</source>
<VRName>FREI|Freely selected</VRName>
<NotFoundErr>0</NotFoundErr>
<NotFoundDef>1</NotFoundDef>
<ShareN>0</ShareN>
<ShareL>0</ShareL>
<ShareR>0</ShareR>
<MaxValue_C>1024</MaxValue_C>
<CheckMax_C>0</CheckMax_C>
<uppercase>0</uppercase>
<sortColumn>0</sortColumn>
<sortDirection>0</sortDirection>
<HostType/>
</ATTR_VARA>
<VARA state="1">
<Variables>
<row Name="Categories" Value="" Value1="" Value2="" Value3="" Value4=""/>
<row Name="Company" Value="Custom" Value1="" Value2="" Value3="" Value4=""/>
<row Name="Dependencies" Value="PCK.ITPA_SHARED ~&gt; 1.1" Value1="" Value2="" Value3="" Value4=""/>
<row Name="Description" Value="" Value1="" Value2="" Value3="" Value4=""/>
<row Name="Homepage" Value="www.yourcompany.com" Value1="" Value2="" Value3="" Value4=""/>
<row Name="License" Value="" Value1="" Value2="" Value3="" Value4=""/>
<row Name="Name" Value="PCK.AUTOMIC_ANALYTICS_SCREENSHOTS" Value1="" Value2="" Value3="" Value4=""/>
<row Name="Package Format Version" Value="0.3.0" Value1="" Value2="" Value3="" Value4=""/>
<row Name="Restricted To Client" Value="" Value1="" Value2="" Value3="" Value4=""/>
<row Name="Title" Value="Analytics dashboard screenshot" Value1="" Value2="" Value3="" Value4=""/>
<row Name="Type" Value="Action Pack" Value1="" Value2="" Value3="" Value4=""/>
<row Name="Version" Value="1.0.0" Value1="" Value2="" Value3="" Value4=""/>
</Variables>
</VARA>
<DOCU_Docu state="1" type="text">
<DOC/>
</DOCU_Docu>
</VARA>
<VARA OVD_VRName="FREI" data_type="STATIC" name="PCK.AUTOMIC_ANALYTICS_SCREENSHOTS.PUB.PROMPT_EXTERNAL_MAP" replacementmode="2">
<HEADER state="1">
<Title/>
<ArchiveKey1/>
<ArchiveKey2/>
<OH_SubType>STATIC</OH_SubType>
</HEADER>
<ATTR_VARA state="1">
<Type>C|Text</Type>
<lblSource>Static</lblSource>
<source>STATIC</source>
<VRName>FREI|Freely selected</VRName>
<NotFoundErr>0</NotFoundErr>
<NotFoundDef>1</NotFoundDef>
<ShareN>0</ShareN>
<ShareL>0</ShareL>
<ShareR>0</ShareR>
<MaxValue_C>1024</MaxValue_C>
<CheckMax_C>0</CheckMax_C>
<uppercase>0</uppercase>
<sortColumn>0</sortColumn>
<sortDirection>0</sortDirection>
<HostType/>
</ATTR_VARA>
<VARA state="1">
<Variables>
<row Name="PCK.AUTOMIC_ANALYTICS_SCREENSHOTS.PUB.ACTION.CAPTURE_DASHBOARD/AGENT#" Value="&amp;AGENT#" Value1="" Value2="" Value3="" Value4=""/>
<row Name="PCK.AUTOMIC_ANALYTICS_SCREENSHOTS.PUB.ACTION.CAPTURE_DASHBOARD/LOGIN#" Value="&amp;LOGIN#" Value1="" Value2="" Value3="" Value4=""/>
</Variables>
</VARA>
<DOCU_Docu state="1" type="text">
<DOC/>
</DOCU_Docu>
</VARA>
<DOCU name="PCK.AUTOMIC_ANALYTICS_SCREENSHOTS.PUB.DOC">
<HEADER state="1">
<Title>Pack Documentation</Title>
<ArchiveKey1/>
<ArchiveKey2/>
<OH_SubType/>
</HEADER>
<DOCU_Docu state="1" type="text">
<DOC><![CDATA[About Automic's Analytics Screenshot Package
================================

This package contains actions that take a screenshot(s) of the AWI dashboard and widgets in the headless mode. It using JAVA with Selenium to take the screenshot that is included with the package. It also required chrome to be installed on the agent machine.


=Supported versions=

Automic web interface version:
- 12.x.xx

=Limitations=

* No known limitation.

=Setup=

* Oracle JRE 1.7 or higher must be installed on Agent OS and "java" must be set as executable on the same.

* The Agent should be able to access the AWI URL(s) in order to take the screenshot.

* Chrome must be installed

=Actions=

Following actions are supported for Azure.

* Action Name: PCK.AUTOMIC_ANALYTICS_SCREENSHOTS.PUB.ACTION.CAPTURE_DASHBOARD
Action Description: This action Take a screenshot of the AWI dashboard and save it in the provided absolute path (Full Path).]]></DOC>
</DOCU_Docu>
</DOCU>
<DOCU name="PCK.AUTOMIC_ANALYTICS_SCREENSHOTS.PUB.LICENSES">
<HEADER state="1">
<Title/>
<ArchiveKey1/>
<ArchiveKey2/>
<OH_SubType/>
</HEADER>
<DOCU_Docu state="1" type="text">
<DOC/>
</DOCU_Docu>
</DOCU>
<STORE name="PCK.AUTOMIC_ANALYTICS_SCREENSHOTS.PRV.STORE">
<HEADER state="1">
<Title/>
<ArchiveKey1/>
<ArchiveKey2/>
<OH_SubType/>
</HEADER>
<STORE>
<HostType/>
<resourceList>
<row checksum="E962C710C1ECC121502F6751AB72C96E7AA6C3EE3F80EDBA3673BC28DE303F13" fileType="BINARY" filename="analytics-tool.jar" hw="*" id="ANALYTICS.JAR-ALL-ALL-ALL" name="ANALYTICS.JAR" platform="*" resname="PCK.AUTOMIC_ANALYTICS_SCREENSHOTS.PRV.STORE-ANALYTICS.JAR-ALL-ALL-ALL" size="14454133" sw="*" type="3" version="1.1.6.202201251127"/>
</resourceList>
</STORE>
<DOCU_Docu state="1" type="text">
<DOC/>
</DOCU_Docu>
</STORE>
<JOBP AllowExternal="1" name="PCK.AUTOMIC_ANALYTICS_SCREENSHOTS.PUB.ACTION.CAPTURE_DASHBOARD">
<XHEADER state="1">
<Title>Capture Dashboard</Title>
<ArchiveKey1/>
<ArchiveKey2/>
<Active>1</Active>
<OH_SubType/>
<CustomAttributes KeyListID="0" dataRequestID="0"/>
</XHEADER>
<SYNCREF state="1">
<Syncs/>
</SYNCREF>
<ATTR_JOBP state="1">
<Queue>CLIENT_QUEUE</Queue>
<ChildQueue>*OWN</ChildQueue>
<StartType/>
<ExtRepDef>1</ExtRepDef>
<ExtRepAll>0</ExtRepAll>
<ExtRepNone>0</ExtRepNone>
<IntAccount/>
<AutoDeactNo>0</AutoDeactNo>
<AutoDeact1ErrorFree>0</AutoDeact1ErrorFree>
<AutoDeactErrorFree>1</AutoDeactErrorFree>
<DeactWhen>ANY_OK</DeactWhen>
<AutoDeactAlways>0</AutoDeactAlways>
<DeactDelay>0</DeactDelay>
<ActAtRun>1</ActAtRun>
<UC4Priority>0</UC4Priority>
<PassPriority>0</PassPriority>
<MaxParallel2>0</MaxParallel2>
<ReuseHG>1</ReuseHG>
<MpElse1>1</MpElse1>
<MpElse2>0</MpElse2>
<TZ/>
<RWhen/>
<RExecute/>
<JPA_SubType/>
</ATTR_JOBP>
<JOBP state="1">
<JobpStruct mode="design">
<task Alias="" BranchType="0" Col="1" Lnr="1" OType="&lt;START&gt;" Object="START" ParentAlias="" ParentObject="" Row="2" Text2="">
<checkpoint RollbackFlag="0" RunPerPatch="0" RunPerTarget="0" TcpADays="0" TcpATime="00:00" TcpATimeTZ="" TcpExecute="" TcpOn="0" promptatgen="0" showprompt="0"/>
<after ActFlg="1" AtimOn="0" ErlstStDays="0" ErlstStTime="00:00" ErlstStTimeTZ="" HoldFlg="0"/>
<when ChkWhenExec="0" LtstEnd="0" LtstEndDays="0" LtstEndTime="00:00" LtstSt="0" LtstStDays="0" LtstStTime="00:00" LtstTimeTZ="" WCTypeAND="1" WCTypeOR="0" WElseA="0" WElseH="0" WElseS="1" WElseX="0" WhenExecute="" WtimOn="0"/>
<preconditions>
<PreCon>
<conditions id="CONDITIONS"/>
</PreCon>
</preconditions>
<predecessors/>
<runtime MrtCancel="0" MrtDays="0" MrtErt="0" MrtExecute="0" MrtExecuteObj="" MrtFix="0" MrtMethodDate="0" MrtMethodErt="0" MrtMethodFix="0" MrtMethodNone="1" MrtOn="1" MrtTZ="" MrtTime="00:00" SrtErt="0" SrtFix="0" SrtMethodErt="0" SrtMethodFix="0" SrtMethodNone="1"/>
<result ChkRExec="0" RElseHalt="0" RElseIgn="0" RElseJPAbend="0" RExecFlag="0" RExecute="" RRepMTimes="0" RRepOn="0" RRepWait="0" RWhen=""/>
<dynvalues>
<dyntree>
<node content="1" id="PCK.AUTOMIC_ANALYTICS_SCREENSHOTS.PUB.PROMPTSET.CONNECTION_DETAILS" name="PCK.AUTOMIC_ANALYTICS_SCREENSHOTS.PUB.PROMPTSET.CONNECTION_DETAILS" parent="PPRPTS" type="PPROMPTSET">
<PROMPTSET name="PCK.AUTOMIC_ANALYTICS_SCREENSHOTS.PUB.PROMPTSET.CONNECTION_DETAILS">
<PRPTBOX promptset="PCK.AUTOMIC_ANALYTICS_SCREENSHOTS.PUB.PROMPTSET.CONNECTION_DETAILS">
<UC4RB_SNAP_AWI_URLs.00 ReadFromTable="OPUD" altview="0" haslist="0" msginsert="" msgnr="" promptname="UC4RB_SNAP_AWI_URL#" promptsetname="PCK.AUTOMIC_ANALYTICS_SCREENSHOTS.PUB.PROMPTSET.CONNECTION_DETAILS"/>
<UC4RB_SNAP_CLIENTs.00 ReadFromTable="OPUD" altview="0" haslist="0" msginsert="" msgnr="" promptname="UC4RB_SNAP_CLIENT#" promptsetname="PCK.AUTOMIC_ANALYTICS_SCREENSHOTS.PUB.PROMPTSET.CONNECTION_DETAILS"/>
<UC4RB_SNAP_CONNs.00 ReadFromTable="OPUD" altview="0" haslist="0" msginsert="" msgnr="" promptname="UC4RB_SNAP_CONN#" promptsetname="PCK.AUTOMIC_ANALYTICS_SCREENSHOTS.PUB.PROMPTSET.CONNECTION_DETAILS">AUTOMIC</UC4RB_SNAP_CONNs.00>
<UC4RB_SNAP_DEPs.00 ReadFromTable="OPUD" altview="0" haslist="0" msginsert="" msgnr="" promptname="UC4RB_SNAP_DEP#" promptsetname="PCK.AUTOMIC_ANALYTICS_SCREENSHOTS.PUB.PROMPTSET.CONNECTION_DETAILS">AUTOMIC</UC4RB_SNAP_DEPs.00>
<UC4RB_SNAP_PAGE_TIMEOUTs.00 ReadFromTable="OPUD" altview="0" haslist="0" msginsert="" msgnr="" promptname="UC4RB_SNAP_PAGE_TIMEOUT#" promptsetname="PCK.AUTOMIC_ANALYTICS_SCREENSHOTS.PUB.PROMPTSET.CONNECTION_DETAILS">30</UC4RB_SNAP_PAGE_TIMEOUTs.00>
<UC4RB_SNAP_PASSs.00 ReadFromTable="OPUD" altview="0" haslist="0" msginsert="" msgnr="" promptname="UC4RB_SNAP_PASS#" promptsetname="PCK.AUTOMIC_ANALYTICS_SCREENSHOTS.PUB.PROMPTSET.CONNECTION_DETAILS">--10DEC7A691DCEFF135</UC4RB_SNAP_PASSs.00>
<UC4RB_SNAP_SSLs.00 ReadFromTable="OPUD" altview="0" haslist="0" msginsert="" msgnr="" promptname="UC4RB_SNAP_SSL#" promptsetname="PCK.AUTOMIC_ANALYTICS_SCREENSHOTS.PUB.PROMPTSET.CONNECTION_DETAILS">YES</UC4RB_SNAP_SSLs.00>
<UC4RB_SNAP_USRs.00 ReadFromTable="OPUD" altview="0" haslist="0" msginsert="" msgnr="" promptname="UC4RB_SNAP_USR#" promptsetname="PCK.AUTOMIC_ANALYTICS_SCREENSHOTS.PUB.PROMPTSET.CONNECTION_DETAILS"/>
</PRPTBOX>
</PROMPTSET>
</node>
<node content="1" id="PCK.AUTOMIC_ANALYTICS_SCREENSHOTS.PRV.PROMPTSET.CAPTURE_DASHBOARD" name="PCK.AUTOMIC_ANALYTICS_SCREENSHOTS.PRV.PROMPTSET.CAPTURE_DASHBOARD" parent="PPRPTS" type="PPROMPTSET">
<PROMPTSET name="PCK.AUTOMIC_ANALYTICS_SCREENSHOTS.PRV.PROMPTSET.CAPTURE_DASHBOARD">
<PRPTBOX promptset="PCK.AUTOMIC_ANALYTICS_SCREENSHOTS.PRV.PROMPTSET.CAPTURE_DASHBOARD">
<UC4RB_SNAP_DASHBOARDs.00 ReadFromTable="OPUD" altview="0" haslist="0" msginsert="" msgnr="" promptname="UC4RB_SNAP_DASHBOARD#" promptsetname="PCK.AUTOMIC_ANALYTICS_SCREENSHOTS.PRV.PROMPTSET.CAPTURE_DASHBOARD"/>
<UC4RB_SNAP_FILE_DIRs.00 ReadFromTable="OPUD" altview="0" haslist="0" msginsert="" msgnr="" promptname="UC4RB_SNAP_FILE_DIR#" promptsetname="PCK.AUTOMIC_ANALYTICS_SCREENSHOTS.PRV.PROMPTSET.CAPTURE_DASHBOARD"/>
<UC4RB_SNAP_FILE_NAMEs.00 ReadFromTable="OPUD" altview="0" haslist="0" msginsert="" msgnr="" promptname="UC4RB_SNAP_FILE_NAME#" promptsetname="PCK.AUTOMIC_ANALYTICS_SCREENSHOTS.PRV.PROMPTSET.CAPTURE_DASHBOARD"/>
<UC4RB_SNAP_WIDGET_TIMEOUTs.00 ReadFromTable="OPUD" altview="0" haslist="0" msginsert="" msgnr="" promptname="UC4RB_SNAP_WIDGET_TIMEOUT#" promptsetname="PCK.AUTOMIC_ANALYTICS_SCREENSHOTS.PRV.PROMPTSET.CAPTURE_DASHBOARD">5</UC4RB_SNAP_WIDGET_TIMEOUTs.00>
</PRPTBOX>
</PROMPTSET>
</node>
<node content="1" id="PCK.ITPA_SHARED.PUB.PROMPTSET.SUDO" name="PCK.ITPA_SHARED.PUB.PROMPTSET.SUDO" parent="PPRPTS" type="PPROMPTSET">
<PROMPTSET name="PCK.ITPA_SHARED.PUB.PROMPTSET.SUDO">
<PRPTBOX promptset="PCK.ITPA_SHARED.PUB.PROMPTSET.SUDO">
<UC4RB_SUDO_PASSWORDs.00 ReadFromTable="OPUD" altview="0" haslist="0" msginsert="" msgnr="" promptname="UC4RB_SUDO_PASSWORD#" promptsetname="PCK.ITPA_SHARED.PUB.PROMPTSET.SUDO"/>
<UC4RB_SUDO_USERs.00 ReadFromTable="OPUD" altview="0" haslist="0" msginsert="" msgnr="" promptname="UC4RB_SUDO_USER#" promptsetname="PCK.ITPA_SHARED.PUB.PROMPTSET.SUDO"/>
<UC4RB_USE_SUDOs.00 ReadFromTable="OPUD" altview="0" haslist="0" msginsert="" msgnr="" promptname="UC4RB_USE_SUDO#" promptsetname="PCK.ITPA_SHARED.PUB.PROMPTSET.SUDO">None</UC4RB_USE_SUDOs.00>
</PRPTBOX>
</PROMPTSET>
</node>
<node content="1" id="PCK.ITPA_SHARED.PRV.PROMPTSET.OVERWRITE_AGENT" name="PCK.ITPA_SHARED.PRV.PROMPTSET.OVERWRITE_AGENT" parent="PPRPTS" type="PPROMPTSET">
<PROMPTSET name="PCK.ITPA_SHARED.PRV.PROMPTSET.OVERWRITE_AGENT">
<PRPTBOX promptset="PCK.ITPA_SHARED.PRV.PROMPTSET.OVERWRITE_AGENT">
<AGENTs.00 ReadFromTable="OPUD" altview="1" haslist="0" msginsert="" msgnr="" promptname="AGENT#" promptsetname="PCK.ITPA_SHARED.PRV.PROMPTSET.OVERWRITE_AGENT">&amp;AGENT#</AGENTs.00>
<LOGINs.00 ReadFromTable="OPUD" altview="1" haslist="0" msginsert="" msgnr="" promptname="LOGIN#" promptsetname="PCK.ITPA_SHARED.PRV.PROMPTSET.OVERWRITE_AGENT">&amp;LOGIN#</LOGINs.00>
</PRPTBOX>
</PROMPTSET>
</node>
</dyntree>
</dynvalues>
<CIT/>
<calendars CCTypeAll="0" CCTypeExt="0" CCTypeNone="0" CCTypeOne="1" CaleOn="0"/>
<postconditions>
<PostCon>
<conditions id="CONDITIONS"/>
</PostCon>
</postconditions>
</task>
<task Alias="CAPTURE_DASHBOARD" BranchType="0" Col="2" Lnr="2" OType="JOBS" Object="PCK.AUTOMIC_ANALYTICS_SCREENSHOTS.PRV.JOB.CAPTURE_DASHBOARD@WINDOWS" ParentAlias="" ParentObject="" Row="1" Text2="">
<checkpoint RollbackFlag="0" RunPerPatch="0" RunPerTarget="0" TcpADays="0" TcpATime="00:00" TcpATimeTZ="" TcpExecute="" TcpOn="0" promptatgen="0" showprompt="0"/>
<after ActFlg="1" AtimOn="0" ErlstStDays="0" ErlstStTime="00:00" ErlstStTimeTZ="" HoldFlg="0"/>
<when ChkWhenExec="0" LtstEnd="0" LtstEndDays="0" LtstEndTime="00:00" LtstSt="0" LtstStDays="0" LtstStTime="00:00" LtstTimeTZ="" WCTypeAND="1" WCTypeOR="0" WElseA="1" WElseH="0" WElseS="0" WElseX="0" WhenExecute="" WtimOn="0"/>
<preconditions>
<PreCon>
<conditions id="CONDITIONS"/>
</PreCon>
</preconditions>
<predecessors>
<pre BranchType="0" Lnr="1" PreLnr="1" When="ANY_OK" type="container"/>
</predecessors>
<runtime MrtCancel="0" MrtDays="0" MrtErt="0" MrtExecute="0" MrtExecuteObj="" MrtFix="0" MrtMethodDate="0" MrtMethodErt="0" MrtMethodFix="0" MrtMethodNone="1" MrtOn="1" MrtTZ="" MrtTime="00:00" SrtErt="0" SrtFix="0" SrtMethodErt="0" SrtMethodFix="0" SrtMethodNone="1"/>
<result ChkRExec="0" RElseHalt="0" RElseIgn="0" RElseJPAbend="0" RExecFlag="0" RExecute="" RRepMTimes="0" RRepOn="0" RRepWait="0" RWhen=""/>
<dynvalues>
<dyntree>
<node content="1" id="VALUE" name="Variables" parent="" type="TASKVALUE">
<VALUE state="2">
<Values/>
<Mode>0</Mode>
</VALUE>
</node>
<node content="1" id="PVALUE" name="Parent Variables" parent="" type="TASKVALUE">
<VALUE state="2">
<Values/>
<Mode>0</Mode>
</VALUE>
</node>
<node content="1" id="PRPTS" name="PromptSets" parent="" pref="1" type="PROMPTSET"/>
<node content="0" id="PPRPTS" name="Parent PromptSets" parent="" type="PPROMPTSET"/>
<node content="1" id="PCK.AUTOMIC_ANALYTICS_SCREENSHOTS.PUB.PROMPTSET.CONNECTION_DETAILS" name="PCK.AUTOMIC_ANALYTICS_SCREENSHOTS.PUB.PROMPTSET.CONNECTION_DETAILS" parent="PPRPTS" type="PPROMPTSET">
<PROMPTSET name="PCK.AUTOMIC_ANALYTICS_SCREENSHOTS.PUB.PROMPTSET.CONNECTION_DETAILS">
<PRPTBOX promptset="PCK.AUTOMIC_ANALYTICS_SCREENSHOTS.PUB.PROMPTSET.CONNECTION_DETAILS">
<UC4RB_SNAP_AWI_URLs.00 ReadFromTable="OPUD" altview="0" haslist="0" msginsert="" msgnr="" promptname="UC4RB_SNAP_AWI_URL#" promptsetname="PCK.AUTOMIC_ANALYTICS_SCREENSHOTS.PUB.PROMPTSET.CONNECTION_DETAILS"/>
<UC4RB_SNAP_CLIENTs.00 ReadFromTable="OPUD" altview="0" haslist="0" msginsert="" msgnr="" promptname="UC4RB_SNAP_CLIENT#" promptsetname="PCK.AUTOMIC_ANALYTICS_SCREENSHOTS.PUB.PROMPTSET.CONNECTION_DETAILS"/>
<UC4RB_SNAP_CONNs.00 ReadFromTable="OPUD" altview="0" haslist="0" msginsert="" msgnr="" promptname="UC4RB_SNAP_CONN#" promptsetname="PCK.AUTOMIC_ANALYTICS_SCREENSHOTS.PUB.PROMPTSET.CONNECTION_DETAILS">AUTOMIC</UC4RB_SNAP_CONNs.00>
<UC4RB_SNAP_DEPs.00 ReadFromTable="OPUD" altview="0" haslist="0" msginsert="" msgnr="" promptname="UC4RB_SNAP_DEP#" promptsetname="PCK.AUTOMIC_ANALYTICS_SCREENSHOTS.PUB.PROMPTSET.CONNECTION_DETAILS">AUTOMIC</UC4RB_SNAP_DEPs.00>
<UC4RB_SNAP_PAGE_TIMEOUTs.00 ReadFromTable="OPUD" altview="0" haslist="0" msginsert="" msgnr="" promptname="UC4RB_SNAP_PAGE_TIMEOUT#" promptsetname="PCK.AUTOMIC_ANALYTICS_SCREENSHOTS.PUB.PROMPTSET.CONNECTION_DETAILS">30</UC4RB_SNAP_PAGE_TIMEOUTs.00>
<UC4RB_SNAP_PASSs.00 ReadFromTable="OPUD" altview="0" haslist="0" msginsert="" msgnr="" promptname="UC4RB_SNAP_PASS#" promptsetname="PCK.AUTOMIC_ANALYTICS_SCREENSHOTS.PUB.PROMPTSET.CONNECTION_DETAILS">--10DEC7A691DCEFF135</UC4RB_SNAP_PASSs.00>
<UC4RB_SNAP_SSLs.00 ReadFromTable="OPUD" altview="0" haslist="0" msginsert="" msgnr="" promptname="UC4RB_SNAP_SSL#" promptsetname="PCK.AUTOMIC_ANALYTICS_SCREENSHOTS.PUB.PROMPTSET.CONNECTION_DETAILS">YES</UC4RB_SNAP_SSLs.00>
<UC4RB_SNAP_USRs.00 ReadFromTable="OPUD" altview="0" haslist="0" msginsert="" msgnr="" promptname="UC4RB_SNAP_USR#" promptsetname="PCK.AUTOMIC_ANALYTICS_SCREENSHOTS.PUB.PROMPTSET.CONNECTION_DETAILS"/>
</PRPTBOX>
</PROMPTSET>
</node>
<node content="1" id="PCK.AUTOMIC_ANALYTICS_SCREENSHOTS.PRV.PROMPTSET.CAPTURE_DASHBOARD" name="PCK.AUTOMIC_ANALYTICS_SCREENSHOTS.PRV.PROMPTSET.CAPTURE_DASHBOARD" parent="PPRPTS" type="PPROMPTSET">
<PROMPTSET name="PCK.AUTOMIC_ANALYTICS_SCREENSHOTS.PRV.PROMPTSET.CAPTURE_DASHBOARD">
<PRPTBOX promptset="PCK.AUTOMIC_ANALYTICS_SCREENSHOTS.PRV.PROMPTSET.CAPTURE_DASHBOARD">
<UC4RB_SNAP_DASHBOARDs.00 ReadFromTable="OPUD" altview="0" haslist="0" msginsert="" msgnr="" promptname="UC4RB_SNAP_DASHBOARD#" promptsetname="PCK.AUTOMIC_ANALYTICS_SCREENSHOTS.PRV.PROMPTSET.CAPTURE_DASHBOARD"/>
<UC4RB_SNAP_FILE_DIRs.00 ReadFromTable="OPUD" altview="0" haslist="0" msginsert="" msgnr="" promptname="UC4RB_SNAP_FILE_DIR#" promptsetname="PCK.AUTOMIC_ANALYTICS_SCREENSHOTS.PRV.PROMPTSET.CAPTURE_DASHBOARD"/>
<UC4RB_SNAP_FILE_NAMEs.00 ReadFromTable="OPUD" altview="0" haslist="0" msginsert="" msgnr="" promptname="UC4RB_SNAP_FILE_NAME#" promptsetname="PCK.AUTOMIC_ANALYTICS_SCREENSHOTS.PRV.PROMPTSET.CAPTURE_DASHBOARD"/>
<UC4RB_SNAP_WIDGET_TIMEOUTs.00 ReadFromTable="OPUD" altview="0" haslist="0" msginsert="" msgnr="" promptname="UC4RB_SNAP_WIDGET_TIMEOUT#" promptsetname="PCK.AUTOMIC_ANALYTICS_SCREENSHOTS.PRV.PROMPTSET.CAPTURE_DASHBOARD">5</UC4RB_SNAP_WIDGET_TIMEOUTs.00>
</PRPTBOX>
</PROMPTSET>
</node>
<node content="1" id="PCK.ITPA_SHARED.PUB.PROMPTSET.SUDO" name="PCK.ITPA_SHARED.PUB.PROMPTSET.SUDO" parent="PPRPTS" type="PPROMPTSET">
<PROMPTSET name="PCK.ITPA_SHARED.PUB.PROMPTSET.SUDO">
<PRPTBOX promptset="PCK.ITPA_SHARED.PUB.PROMPTSET.SUDO">
<UC4RB_SUDO_PASSWORDs.00 ReadFromTable="OPUD" altview="0" haslist="0" msginsert="" msgnr="" promptname="UC4RB_SUDO_PASSWORD#" promptsetname="PCK.ITPA_SHARED.PUB.PROMPTSET.SUDO"/>
<UC4RB_SUDO_USERs.00 ReadFromTable="OPUD" altview="0" haslist="0" msginsert="" msgnr="" promptname="UC4RB_SUDO_USER#" promptsetname="PCK.ITPA_SHARED.PUB.PROMPTSET.SUDO"/>
<UC4RB_USE_SUDOs.00 ReadFromTable="OPUD" altview="0" haslist="0" msginsert="" msgnr="" promptname="UC4RB_USE_SUDO#" promptsetname="PCK.ITPA_SHARED.PUB.PROMPTSET.SUDO">None</UC4RB_USE_SUDOs.00>
</PRPTBOX>
</PROMPTSET>
</node>
<node content="1" id="PCK.ITPA_SHARED.PRV.PROMPTSET.OVERWRITE_AGENT" name="PCK.ITPA_SHARED.PRV.PROMPTSET.OVERWRITE_AGENT" parent="PPRPTS" type="PPROMPTSET">
<PROMPTSET name="PCK.ITPA_SHARED.PRV.PROMPTSET.OVERWRITE_AGENT">
<PRPTBOX promptset="PCK.ITPA_SHARED.PRV.PROMPTSET.OVERWRITE_AGENT">
<AGENTs.00 ReadFromTable="OPUD" altview="1" haslist="0" msginsert="" msgnr="" promptname="AGENT#" promptsetname="PCK.ITPA_SHARED.PRV.PROMPTSET.OVERWRITE_AGENT">&amp;AGENT#</AGENTs.00>
<LOGINs.00 ReadFromTable="OPUD" altview="1" haslist="0" msginsert="" msgnr="" promptname="LOGIN#" promptsetname="PCK.ITPA_SHARED.PRV.PROMPTSET.OVERWRITE_AGENT">&amp;LOGIN#</LOGINs.00>
</PRPTBOX>
</PROMPTSET>
</node>
</dyntree>
</dynvalues>
<CIT/>
<calendars CCTypeAll="0" CCTypeExt="0" CCTypeNone="0" CCTypeOne="1" CaleOn="0"/>
<postconditions>
<PostCon>
<conditions id="CONDITIONS"/>
</PostCon>
</postconditions>
</task>
<task Alias="CAPTURE_DASHBOARD" BranchType="0" Col="2" Lnr="3" OType="JOBS" Object="PCK.AUTOMIC_ANALYTICS_SCREENSHOTS.PRV.JOB.CAPTURE_DASHBOARD@UNIX" ParentAlias="" ParentObject="" Row="3" Text2="">
<checkpoint RollbackFlag="0" RunPerPatch="0" RunPerTarget="0" TcpADays="0" TcpATime="00:00" TcpATimeTZ="" TcpExecute="" TcpOn="0" promptatgen="0" showprompt="0"/>
<after ActFlg="1" AtimOn="0" ErlstStDays="0" ErlstStTime="00:00" ErlstStTimeTZ="" HoldFlg="0"/>
<when ChkWhenExec="0" LtstEnd="0" LtstEndDays="0" LtstEndTime="00:00" LtstSt="0" LtstStDays="0" LtstStTime="00:00" LtstTimeTZ="" WCTypeAND="1" WCTypeOR="0" WElseA="1" WElseH="0" WElseS="0" WElseX="0" WhenExecute="" WtimOn="0"/>
<preconditions>
<PreCon>
<conditions id="CONDITIONS"/>
</PreCon>
</preconditions>
<predecessors>
<pre BranchType="0" Lnr="1" PreLnr="1" When="ANY_OK" type="container"/>
</predecessors>
<runtime MrtCancel="0" MrtDays="0" MrtErt="0" MrtExecute="0" MrtExecuteObj="" MrtFix="0" MrtMethodDate="0" MrtMethodErt="0" MrtMethodFix="0" MrtMethodNone="1" MrtOn="1" MrtTZ="" MrtTime="00:00" SrtErt="0" SrtFix="0" SrtMethodErt="0" SrtMethodFix="0" SrtMethodNone="1"/>
<result ChkRExec="0" RElseHalt="0" RElseIgn="0" RElseJPAbend="0" RExecFlag="0" RExecute="" RRepMTimes="0" RRepOn="0" RRepWait="0" RWhen=""/>
<dynvalues>
<dyntree>
<node content="1" id="VALUE" name="Variables" parent="" type="TASKVALUE">
<VALUE state="2">
<Values/>
<Mode>0</Mode>
</VALUE>
</node>
<node content="1" id="PVALUE" name="Parent Variables" parent="" type="TASKVALUE">
<VALUE state="2">
<Values/>
<Mode>0</Mode>
</VALUE>
</node>
<node content="1" id="PRPTS" name="PromptSets" parent="" pref="1" type="PROMPTSET"/>
<node content="0" id="PPRPTS" name="Parent PromptSets" parent="" type="PPROMPTSET"/>
<node content="1" id="PCK.AUTOMIC_ANALYTICS_SCREENSHOTS.PUB.PROMPTSET.CONNECTION_DETAILS" name="PCK.AUTOMIC_ANALYTICS_SCREENSHOTS.PUB.PROMPTSET.CONNECTION_DETAILS" parent="PPRPTS" type="PPROMPTSET">
<PROMPTSET name="PCK.AUTOMIC_ANALYTICS_SCREENSHOTS.PUB.PROMPTSET.CONNECTION_DETAILS">
<PRPTBOX promptset="PCK.AUTOMIC_ANALYTICS_SCREENSHOTS.PUB.PROMPTSET.CONNECTION_DETAILS">
<UC4RB_SNAP_AWI_URLs.00 ReadFromTable="OPUD" altview="0" haslist="0" msginsert="" msgnr="" promptname="UC4RB_SNAP_AWI_URL#" promptsetname="PCK.AUTOMIC_ANALYTICS_SCREENSHOTS.PUB.PROMPTSET.CONNECTION_DETAILS"/>
<UC4RB_SNAP_CLIENTs.00 ReadFromTable="OPUD" altview="0" haslist="0" msginsert="" msgnr="" promptname="UC4RB_SNAP_CLIENT#" promptsetname="PCK.AUTOMIC_ANALYTICS_SCREENSHOTS.PUB.PROMPTSET.CONNECTION_DETAILS"/>
<UC4RB_SNAP_CONNs.00 ReadFromTable="OPUD" altview="0" haslist="0" msginsert="" msgnr="" promptname="UC4RB_SNAP_CONN#" promptsetname="PCK.AUTOMIC_ANALYTICS_SCREENSHOTS.PUB.PROMPTSET.CONNECTION_DETAILS">AUTOMIC</UC4RB_SNAP_CONNs.00>
<UC4RB_SNAP_DEPs.00 ReadFromTable="OPUD" altview="0" haslist="0" msginsert="" msgnr="" promptname="UC4RB_SNAP_DEP#" promptsetname="PCK.AUTOMIC_ANALYTICS_SCREENSHOTS.PUB.PROMPTSET.CONNECTION_DETAILS">AUTOMIC</UC4RB_SNAP_DEPs.00>
<UC4RB_SNAP_PAGE_TIMEOUTs.00 ReadFromTable="OPUD" altview="0" haslist="0" msginsert="" msgnr="" promptname="UC4RB_SNAP_PAGE_TIMEOUT#" promptsetname="PCK.AUTOMIC_ANALYTICS_SCREENSHOTS.PUB.PROMPTSET.CONNECTION_DETAILS">30</UC4RB_SNAP_PAGE_TIMEOUTs.00>
<UC4RB_SNAP_PASSs.00 ReadFromTable="OPUD" altview="0" haslist="0" msginsert="" msgnr="" promptname="UC4RB_SNAP_PASS#" promptsetname="PCK.AUTOMIC_ANALYTICS_SCREENSHOTS.PUB.PROMPTSET.CONNECTION_DETAILS">--10DEC7A691DCEFF135</UC4RB_SNAP_PASSs.00>
<UC4RB_SNAP_SSLs.00 ReadFromTable="OPUD" altview="0" haslist="0" msginsert="" msgnr="" promptname="UC4RB_SNAP_SSL#" promptsetname="PCK.AUTOMIC_ANALYTICS_SCREENSHOTS.PUB.PROMPTSET.CONNECTION_DETAILS">YES</UC4RB_SNAP_SSLs.00>
<UC4RB_SNAP_USRs.00 ReadFromTable="OPUD" altview="0" haslist="0" msginsert="" msgnr="" promptname="UC4RB_SNAP_USR#" promptsetname="PCK.AUTOMIC_ANALYTICS_SCREENSHOTS.PUB.PROMPTSET.CONNECTION_DETAILS"/>
</PRPTBOX>
</PROMPTSET>
</node>
<node content="1" id="PCK.AUTOMIC_ANALYTICS_SCREENSHOTS.PRV.PROMPTSET.CAPTURE_DASHBOARD" name="PCK.AUTOMIC_ANALYTICS_SCREENSHOTS.PRV.PROMPTSET.CAPTURE_DASHBOARD" parent="PPRPTS" type="PPROMPTSET">
<PROMPTSET name="PCK.AUTOMIC_ANALYTICS_SCREENSHOTS.PRV.PROMPTSET.CAPTURE_DASHBOARD">
<PRPTBOX promptset="PCK.AUTOMIC_ANALYTICS_SCREENSHOTS.PRV.PROMPTSET.CAPTURE_DASHBOARD">
<UC4RB_SNAP_DASHBOARDs.00 ReadFromTable="OPUD" altview="0" haslist="0" msginsert="" msgnr="" promptname="UC4RB_SNAP_DASHBOARD#" promptsetname="PCK.AUTOMIC_ANALYTICS_SCREENSHOTS.PRV.PROMPTSET.CAPTURE_DASHBOARD"/>
<UC4RB_SNAP_FILE_DIRs.00 ReadFromTable="OPUD" altview="0" haslist="0" msginsert="" msgnr="" promptname="UC4RB_SNAP_FILE_DIR#" promptsetname="PCK.AUTOMIC_ANALYTICS_SCREENSHOTS.PRV.PROMPTSET.CAPTURE_DASHBOARD"/>
<UC4RB_SNAP_FILE_NAMEs.00 ReadFromTable="OPUD" altview="0" haslist="0" msginsert="" msgnr="" promptname="UC4RB_SNAP_FILE_NAME#" promptsetname="PCK.AUTOMIC_ANALYTICS_SCREENSHOTS.PRV.PROMPTSET.CAPTURE_DASHBOARD"/>
<UC4RB_SNAP_WIDGET_TIMEOUTs.00 ReadFromTable="OPUD" altview="0" haslist="0" msginsert="" msgnr="" promptname="UC4RB_SNAP_WIDGET_TIMEOUT#" promptsetname="PCK.AUTOMIC_ANALYTICS_SCREENSHOTS.PRV.PROMPTSET.CAPTURE_DASHBOARD">5</UC4RB_SNAP_WIDGET_TIMEOUTs.00>
</PRPTBOX>
</PROMPTSET>
</node>
<node content="1" id="PCK.ITPA_SHARED.PUB.PROMPTSET.SUDO" name="PCK.ITPA_SHARED.PUB.PROMPTSET.SUDO" parent="PPRPTS" type="PPROMPTSET">
<PROMPTSET name="PCK.ITPA_SHARED.PUB.PROMPTSET.SUDO">
<PRPTBOX promptset="PCK.ITPA_SHARED.PUB.PROMPTSET.SUDO">
<UC4RB_SUDO_PASSWORDs.00 ReadFromTable="OPUD" altview="0" haslist="0" msginsert="" msgnr="" promptname="UC4RB_SUDO_PASSWORD#" promptsetname="PCK.ITPA_SHARED.PUB.PROMPTSET.SUDO"/>
<UC4RB_SUDO_USERs.00 ReadFromTable="OPUD" altview="0" haslist="0" msginsert="" msgnr="" promptname="UC4RB_SUDO_USER#" promptsetname="PCK.ITPA_SHARED.PUB.PROMPTSET.SUDO"/>
<UC4RB_USE_SUDOs.00 ReadFromTable="OPUD" altview="0" haslist="0" msginsert="" msgnr="" promptname="UC4RB_USE_SUDO#" promptsetname="PCK.ITPA_SHARED.PUB.PROMPTSET.SUDO">None</UC4RB_USE_SUDOs.00>
</PRPTBOX>
</PROMPTSET>
</node>
<node content="1" id="PCK.ITPA_SHARED.PRV.PROMPTSET.OVERWRITE_AGENT" name="PCK.ITPA_SHARED.PRV.PROMPTSET.OVERWRITE_AGENT" parent="PPRPTS" type="PPROMPTSET">
<PROMPTSET name="PCK.ITPA_SHARED.PRV.PROMPTSET.OVERWRITE_AGENT">
<PRPTBOX promptset="PCK.ITPA_SHARED.PRV.PROMPTSET.OVERWRITE_AGENT">
<AGENTs.00 ReadFromTable="OPUD" altview="1" haslist="0" msginsert="" msgnr="" promptname="AGENT#" promptsetname="PCK.ITPA_SHARED.PRV.PROMPTSET.OVERWRITE_AGENT">&amp;AGENT#</AGENTs.00>
<LOGINs.00 ReadFromTable="OPUD" altview="1" haslist="0" msginsert="" msgnr="" promptname="LOGIN#" promptsetname="PCK.ITPA_SHARED.PRV.PROMPTSET.OVERWRITE_AGENT">&amp;LOGIN#</LOGINs.00>
</PRPTBOX>
</PROMPTSET>
</node>
</dyntree>
</dynvalues>
<CIT/>
<calendars CCTypeAll="0" CCTypeExt="0" CCTypeNone="0" CCTypeOne="1" CaleOn="0"/>
<postconditions>
<PostCon>
<conditions id="CONDITIONS"/>
</PostCon>
</postconditions>
</task>
<task Alias="" BranchType="0" Col="3" Lnr="4" OType="&lt;END&gt;" Object="END" ParentAlias="" ParentObject="" Row="2" Text2="">
<checkpoint RollbackFlag="0" RunPerPatch="0" RunPerTarget="0" TcpADays="0" TcpATime="00:00" TcpATimeTZ="" TcpExecute="" TcpOn="0" promptatgen="0" showprompt="0"/>
<after ActFlg="1" AtimOn="0" ErlstStDays="0" ErlstStTime="00:00" ErlstStTimeTZ="" HoldFlg="0"/>
<when ChkWhenExec="0" LtstEnd="0" LtstEndDays="0" LtstEndTime="00:00" LtstSt="0" LtstStDays="0" LtstStTime="00:00" LtstTimeTZ="" WCTypeAND="1" WCTypeOR="0" WElseA="1" WElseH="0" WElseS="0" WElseX="0" WhenExecute="" WtimOn="0"/>
<preconditions>
<PreCon>
<conditions id="CONDITIONS"/>
</PreCon>
</preconditions>
<predecessors>
<pre BranchType="0" Lnr="1" PreLnr="3" When="ANY_OK" type="container"/>
<pre BranchType="0" Lnr="2" PreLnr="2" When="ANY_OK" type="container"/>
</predecessors>
<runtime MrtCancel="0" MrtDays="0" MrtErt="0" MrtExecute="0" MrtExecuteObj="" MrtFix="0" MrtMethodDate="0" MrtMethodErt="0" MrtMethodFix="0" MrtMethodNone="1" MrtOn="1" MrtTZ="" MrtTime="00:00" SrtErt="0" SrtFix="0" SrtMethodErt="0" SrtMethodFix="0" SrtMethodNone="1"/>
<result ChkRExec="0" RElseHalt="0" RElseIgn="0" RElseJPAbend="0" RExecFlag="0" RExecute="" RRepMTimes="0" RRepOn="0" RRepWait="0" RWhen=""/>
<dynvalues>
<dyntree>
<node content="1" id="PCK.AUTOMIC_ANALYTICS_SCREENSHOTS.PUB.PROMPTSET.CONNECTION_DETAILS" name="PCK.AUTOMIC_ANALYTICS_SCREENSHOTS.PUB.PROMPTSET.CONNECTION_DETAILS" parent="PPRPTS" type="PPROMPTSET">
<PROMPTSET name="PCK.AUTOMIC_ANALYTICS_SCREENSHOTS.PUB.PROMPTSET.CONNECTION_DETAILS">
<PRPTBOX promptset="PCK.AUTOMIC_ANALYTICS_SCREENSHOTS.PUB.PROMPTSET.CONNECTION_DETAILS">
<UC4RB_SNAP_AWI_URLs.00 ReadFromTable="OPUD" altview="0" haslist="0" msginsert="" msgnr="" promptname="UC4RB_SNAP_AWI_URL#" promptsetname="PCK.AUTOMIC_ANALYTICS_SCREENSHOTS.PUB.PROMPTSET.CONNECTION_DETAILS"/>
<UC4RB_SNAP_CLIENTs.00 ReadFromTable="OPUD" altview="0" haslist="0" msginsert="" msgnr="" promptname="UC4RB_SNAP_CLIENT#" promptsetname="PCK.AUTOMIC_ANALYTICS_SCREENSHOTS.PUB.PROMPTSET.CONNECTION_DETAILS"/>
<UC4RB_SNAP_CONNs.00 ReadFromTable="OPUD" altview="0" haslist="0" msginsert="" msgnr="" promptname="UC4RB_SNAP_CONN#" promptsetname="PCK.AUTOMIC_ANALYTICS_SCREENSHOTS.PUB.PROMPTSET.CONNECTION_DETAILS">AUTOMIC</UC4RB_SNAP_CONNs.00>
<UC4RB_SNAP_DEPs.00 ReadFromTable="OPUD" altview="0" haslist="0" msginsert="" msgnr="" promptname="UC4RB_SNAP_DEP#" promptsetname="PCK.AUTOMIC_ANALYTICS_SCREENSHOTS.PUB.PROMPTSET.CONNECTION_DETAILS">AUTOMIC</UC4RB_SNAP_DEPs.00>
<UC4RB_SNAP_PAGE_TIMEOUTs.00 ReadFromTable="OPUD" altview="0" haslist="0" msginsert="" msgnr="" promptname="UC4RB_SNAP_PAGE_TIMEOUT#" promptsetname="PCK.AUTOMIC_ANALYTICS_SCREENSHOTS.PUB.PROMPTSET.CONNECTION_DETAILS">30</UC4RB_SNAP_PAGE_TIMEOUTs.00>
<UC4RB_SNAP_PASSs.00 ReadFromTable="OPUD" altview="0" haslist="0" msginsert="" msgnr="" promptname="UC4RB_SNAP_PASS#" promptsetname="PCK.AUTOMIC_ANALYTICS_SCREENSHOTS.PUB.PROMPTSET.CONNECTION_DETAILS">--10DEC7A691DCEFF135</UC4RB_SNAP_PASSs.00>
<UC4RB_SNAP_SSLs.00 ReadFromTable="OPUD" altview="0" haslist="0" msginsert="" msgnr="" promptname="UC4RB_SNAP_SSL#" promptsetname="PCK.AUTOMIC_ANALYTICS_SCREENSHOTS.PUB.PROMPTSET.CONNECTION_DETAILS">YES</UC4RB_SNAP_SSLs.00>
<UC4RB_SNAP_USRs.00 ReadFromTable="OPUD" altview="0" haslist="0" msginsert="" msgnr="" promptname="UC4RB_SNAP_USR#" promptsetname="PCK.AUTOMIC_ANALYTICS_SCREENSHOTS.PUB.PROMPTSET.CONNECTION_DETAILS"/>
</PRPTBOX>
</PROMPTSET>
</node>
<node content="1" id="PCK.AUTOMIC_ANALYTICS_SCREENSHOTS.PRV.PROMPTSET.CAPTURE_DASHBOARD" name="PCK.AUTOMIC_ANALYTICS_SCREENSHOTS.PRV.PROMPTSET.CAPTURE_DASHBOARD" parent="PPRPTS" type="PPROMPTSET">
<PROMPTSET name="PCK.AUTOMIC_ANALYTICS_SCREENSHOTS.PRV.PROMPTSET.CAPTURE_DASHBOARD">
<PRPTBOX promptset="PCK.AUTOMIC_ANALYTICS_SCREENSHOTS.PRV.PROMPTSET.CAPTURE_DASHBOARD">
<UC4RB_SNAP_DASHBOARDs.00 ReadFromTable="OPUD" altview="0" haslist="0" msginsert="" msgnr="" promptname="UC4RB_SNAP_DASHBOARD#" promptsetname="PCK.AUTOMIC_ANALYTICS_SCREENSHOTS.PRV.PROMPTSET.CAPTURE_DASHBOARD"/>
<UC4RB_SNAP_FILE_DIRs.00 ReadFromTable="OPUD" altview="0" haslist="0" msginsert="" msgnr="" promptname="UC4RB_SNAP_FILE_DIR#" promptsetname="PCK.AUTOMIC_ANALYTICS_SCREENSHOTS.PRV.PROMPTSET.CAPTURE_DASHBOARD"/>
<UC4RB_SNAP_FILE_NAMEs.00 ReadFromTable="OPUD" altview="0" haslist="0" msginsert="" msgnr="" promptname="UC4RB_SNAP_FILE_NAME#" promptsetname="PCK.AUTOMIC_ANALYTICS_SCREENSHOTS.PRV.PROMPTSET.CAPTURE_DASHBOARD"/>
<UC4RB_SNAP_WIDGET_TIMEOUTs.00 ReadFromTable="OPUD" altview="0" haslist="0" msginsert="" msgnr="" promptname="UC4RB_SNAP_WIDGET_TIMEOUT#" promptsetname="PCK.AUTOMIC_ANALYTICS_SCREENSHOTS.PRV.PROMPTSET.CAPTURE_DASHBOARD">5</UC4RB_SNAP_WIDGET_TIMEOUTs.00>
</PRPTBOX>
</PROMPTSET>
</node>
<node content="1" id="PCK.ITPA_SHARED.PUB.PROMPTSET.SUDO" name="PCK.ITPA_SHARED.PUB.PROMPTSET.SUDO" parent="PPRPTS" type="PPROMPTSET">
<PROMPTSET name="PCK.ITPA_SHARED.PUB.PROMPTSET.SUDO">
<PRPTBOX promptset="PCK.ITPA_SHARED.PUB.PROMPTSET.SUDO">
<UC4RB_SUDO_PASSWORDs.00 ReadFromTable="OPUD" altview="0" haslist="0" msginsert="" msgnr="" promptname="UC4RB_SUDO_PASSWORD#" promptsetname="PCK.ITPA_SHARED.PUB.PROMPTSET.SUDO"/>
<UC4RB_SUDO_USERs.00 ReadFromTable="OPUD" altview="0" haslist="0" msginsert="" msgnr="" promptname="UC4RB_SUDO_USER#" promptsetname="PCK.ITPA_SHARED.PUB.PROMPTSET.SUDO"/>
<UC4RB_USE_SUDOs.00 ReadFromTable="OPUD" altview="0" haslist="0" msginsert="" msgnr="" promptname="UC4RB_USE_SUDO#" promptsetname="PCK.ITPA_SHARED.PUB.PROMPTSET.SUDO">None</UC4RB_USE_SUDOs.00>
</PRPTBOX>
</PROMPTSET>
</node>
<node content="1" id="PCK.ITPA_SHARED.PRV.PROMPTSET.OVERWRITE_AGENT" name="PCK.ITPA_SHARED.PRV.PROMPTSET.OVERWRITE_AGENT" parent="PPRPTS" type="PPROMPTSET">
<PROMPTSET name="PCK.ITPA_SHARED.PRV.PROMPTSET.OVERWRITE_AGENT">
<PRPTBOX promptset="PCK.ITPA_SHARED.PRV.PROMPTSET.OVERWRITE_AGENT">
<AGENTs.00 ReadFromTable="OPUD" altview="1" haslist="0" msginsert="" msgnr="" promptname="AGENT#" promptsetname="PCK.ITPA_SHARED.PRV.PROMPTSET.OVERWRITE_AGENT">&amp;AGENT#</AGENTs.00>
<LOGINs.00 ReadFromTable="OPUD" altview="1" haslist="0" msginsert="" msgnr="" promptname="LOGIN#" promptsetname="PCK.ITPA_SHARED.PRV.PROMPTSET.OVERWRITE_AGENT">&amp;LOGIN#</LOGINs.00>
</PRPTBOX>
</PROMPTSET>
</node>
</dyntree>
</dynvalues>
<CIT/>
<calendars CCTypeAll="0" CCTypeExt="0" CCTypeNone="0" CCTypeOne="1" CaleOn="0"/>
<postconditions>
<PostCon>
<conditions id="CONDITIONS"/>
</PostCon>
</postconditions>
</task>
<OPTIONS/>
</JobpStruct>
</JOBP>
<RUNTIME state="1">
<MaxRetCode>0</MaxRetCode>
<MrcExecute/>
<MrcElseE>0</MrcElseE>
<FcstStatus>0| |</FcstStatus>
<Ert>0</Ert>
<ErtMethodDef>1</ErtMethodDef>
<ErtMethodFix>0</ErtMethodFix>
<ErtFix>0</ErtFix>
<ErtDynMethod>2|Average</ErtDynMethod>
<ErtMethodDyn>0</ErtMethodDyn>
<ErtCnt>0</ErtCnt>
<ErtCorr>0</ErtCorr>
<ErtIgn>0</ErtIgn>
<ErtIgnFlg>0</ErtIgnFlg>
<ErtMinCnt>0</ErtMinCnt>
<MrtMethodNone>1</MrtMethodNone>
<MrtMethodFix>0</MrtMethodFix>
<MrtFix>0</MrtFix>
<MrtMethodErt>0</MrtMethodErt>
<MrtErt>0</MrtErt>
<MrtMethodDate>0</MrtMethodDate>
<MrtDays>0</MrtDays>
<MrtTime>00:00</MrtTime>
<MrtTZ/>
<SrtMethodNone>1</SrtMethodNone>
<SrtMethodFix>0</SrtMethodFix>
<SrtFix>0</SrtFix>
<SrtMethodErt>0</SrtMethodErt>
<SrtErt>0</SrtErt>
<MrtCancel>0</MrtCancel>
<MrtExecute>0</MrtExecute>
<MrtExecuteObj/>
</RUNTIME>
<DYNVALUES state="1">
<dyntree>
<node content="1" id="VALUE" name="Variables" parent="" type="VALUE">
<VALUE state="1">
<Values/>
<Mode>0</Mode>
</VALUE>
</node>
<node content="1" id="PCK.AUTOMIC_ANALYTICS_SCREENSHOTS.PUB.PROMPTSET.CONNECTION_DETAILS" name="PCK.AUTOMIC_ANALYTICS_SCREENSHOTS.PUB.PROMPTSET.CONNECTION_DETAILS" parent="PRPTS" type="PROMPTSET">
<PROMPTSET name="PCK.AUTOMIC_ANALYTICS_SCREENSHOTS.PUB.PROMPTSET.CONNECTION_DETAILS" ontop="1">
<PRPTBOX promptset="PCK.AUTOMIC_ANALYTICS_SCREENSHOTS.PUB.PROMPTSET.CONNECTION_DETAILS" prptmode="1">
<UC4RB_SNAP_AWI_URLs.00 altview="0" haslist="0"/>
<UC4RB_SNAP_CONNs.00 altview="0" haslist="0">AUTOMIC</UC4RB_SNAP_CONNs.00>
<UC4RB_SNAP_CLIENTs.00 altview="0" haslist="0"/>
<UC4RB_SNAP_USRs.00 altview="0" haslist="0"/>
<UC4RB_SNAP_DEPs.00 altview="0" haslist="0">AUTOMIC</UC4RB_SNAP_DEPs.00>
<UC4RB_SNAP_PASSs.00 altview="0" haslist="0">--10DEC7A691DCEFF135</UC4RB_SNAP_PASSs.00>
<UC4RB_SNAP_PAGE_TIMEOUTs.00 altview="0" haslist="0">30</UC4RB_SNAP_PAGE_TIMEOUTs.00>
<UC4RB_SNAP_SSLs.00 altview="0" haslist="0">YES</UC4RB_SNAP_SSLs.00>
</PRPTBOX>
</PROMPTSET>
</node>
<node content="1" id="PCK.AUTOMIC_ANALYTICS_SCREENSHOTS.PRV.PROMPTSET.CAPTURE_DASHBOARD" name="PCK.AUTOMIC_ANALYTICS_SCREENSHOTS.PRV.PROMPTSET.CAPTURE_DASHBOARD" parent="PRPTS" type="PROMPTSET">
<PROMPTSET name="PCK.AUTOMIC_ANALYTICS_SCREENSHOTS.PRV.PROMPTSET.CAPTURE_DASHBOARD" ontop="1">
<PRPTBOX promptset="PCK.AUTOMIC_ANALYTICS_SCREENSHOTS.PRV.PROMPTSET.CAPTURE_DASHBOARD" prptmode="1">
<UC4RB_SNAP_DASHBOARDs.00 altview="0" haslist="0"/>
<UC4RB_SNAP_FILE_DIRs.00 altview="0" haslist="0"/>
<UC4RB_SNAP_FILE_NAMEs.00 altview="0" haslist="0"/>
<UC4RB_SNAP_WIDGET_TIMEOUTs.00 altview="0" haslist="0">5</UC4RB_SNAP_WIDGET_TIMEOUTs.00>
</PRPTBOX>
</PROMPTSET>
</node>
<node content="1" id="PCK.ITPA_SHARED.PUB.PROMPTSET.SUDO" name="PCK.ITPA_SHARED.PUB.PROMPTSET.SUDO" parent="PRPTS" type="PROMPTSET">
<PROMPTSET name="PCK.ITPA_SHARED.PUB.PROMPTSET.SUDO" ontop="1">
<PRPTBOX promptset="PCK.ITPA_SHARED.PUB.PROMPTSET.SUDO" prptmode="1">
<UC4RB_SUDO_PASSWORDs.00 altview="0" haslist="0"/>
<UC4RB_USE_SUDOs.00 altview="0" haslist="0">None</UC4RB_USE_SUDOs.00>
<UC4RB_SUDO_USERs.00 altview="0" haslist="0"/>
</PRPTBOX>
</PROMPTSET>
</node>
<node content="1" id="PCK.ITPA_SHARED.PRV.PROMPTSET.OVERWRITE_AGENT" name="PCK.ITPA_SHARED.PRV.PROMPTSET.OVERWRITE_AGENT" parent="PRPTS" type="PROMPTSET">
<PROMPTSET name="PCK.ITPA_SHARED.PRV.PROMPTSET.OVERWRITE_AGENT" ontop="1">
<PRPTBOX promptset="PCK.ITPA_SHARED.PRV.PROMPTSET.OVERWRITE_AGENT" prptmode="1">
<AGENTs.00 altview="1" haslist="0">&amp;AGENT#</AGENTs.00>
<LOGINs.00 altview="1" haslist="0">&amp;LOGIN#</LOGINs.00>
</PRPTBOX>
</PROMPTSET>
</node>
</dyntree>
</DYNVALUES>
<DEPLOYMENT state="1">
<DeploymentFlag>0</DeploymentFlag>
<WFTypeA>1</WFTypeA>
<WFTypeC>0</WFTypeC>
<AppName/>
<WFName/>
<ComponentName/>
</DEPLOYMENT>
<ROLLBACK state="1">
<RollbackFlag>0</RollbackFlag>
<CBackupObj/>
<CRollbackObj/>
<FBackupPath/>
<FDeleteBefore>0</FDeleteBefore>
<FInclSubDirs>0</FInclSubDirs>
</ROLLBACK>
<SCRIPT mode="1" state="1">
<MSCRI/>
</SCRIPT>
<DOCU_Docu state="1" type="text">
<DOC><![CDATA[= Action name =
PCK.AUTOMIC_ANALYTICS_SCREENSHOTS.PUB.ACTION.CAPTURE_DASHBOARD

= General description =
This action Take a screenshot of AWI dashboard and save it in the provided absolute path (Full Path). 

= Inputs =
- Dashboard Name*:  Specify public and private dashboard Name. E.g.�DASH.OVERVIEW.JOBS
- Absolute Path*:   The absolute file path of the agent machine to save dashboard screenshot. Only PNG file type supported. E.g.D:\screenshots\dashboard_snapshot.png
- Widget(s) Timeout (Second):   Provide dashboard widget(s) load timeout in second. Default timeout is 5 second.

= Behavior =
- If any file already exists in the provided full path it will be overwritten.

= Return Value =
UC4RB_SNAP_FULL_PATH#   : Absolute file path of snapshot 


= Outputs =
* Return code is 0 in case of success.
* Return code is non-zero in case of failure.

= Rollback =
(none)

= Logging =
AE logs will be displayed in the AE report.

= Example =
1. Take a screenshot of the dashboard on windows agent
- Dashboard Name: DASH.OVERVIEW.JOBS
- Absolute Path: D:\screenshots\dashboard_snapshot.png
]]></DOC>
</DOCU_Docu>
</JOBP>
<JOBS_UNIX AttrType="UNIX" name="PCK.AUTOMIC_ANALYTICS_SCREENSHOTS.PRV.JOB.CAPTURE_DASHBOARD@UNIX">
<XHEADER state="1">
<Title>Capture dashboard Unix</Title>
<ArchiveKey1/>
<ArchiveKey2/>
<Active>1</Active>
<OH_SubType/>
<CustomAttributes KeyListID="0" dataRequestID="0"/>
</XHEADER>
<OUTPUTREG state="1">
<FileReg/>
</OUTPUTREG>
<SYNCREF state="1">
<Syncs/>
</SYNCREF>
<ATTR_JOBS state="1">
<Queue>CLIENT_QUEUE</Queue>
<StartType/>
<HostDst>|&lt;UNIX&gt;|HOST</HostDst>
<HostATTR_Type>UNIX</HostATTR_Type>
<CodeName/>
<Login/>
<IntAccount/>
<ExtRepDef>1</ExtRepDef>
<ExtRepAll>0</ExtRepAll>
<ExtRepNone>0</ExtRepNone>
<AutoDeactNo>0</AutoDeactNo>
<AutoDeact1ErrorFree>0</AutoDeact1ErrorFree>
<AutoDeactErrorFree>0</AutoDeactErrorFree>
<DeactWhen/>
<DeactDelay>0</DeactDelay>
<AutoDeactAlways>1</AutoDeactAlways>
<AttDialog>0</AttDialog>
<ActAtRun>1</ActAtRun>
<Consumption>0</Consumption>
<UC4Priority>0</UC4Priority>
<MaxParallel2>0</MaxParallel2>
<MpElse1>1</MpElse1>
<MpElse2>0</MpElse2>
<TZ/>
</ATTR_JOBS>
<ATTR_UNIX state="1">
<OutputDb>1</OutputDb>
<OutputDbErr>0</OutputDbErr>
<OutputFile>0</OutputFile>
<ShellScript>1</ShellScript>
<Command>0</Command>
<Priority>0</Priority>
<Shell>-bash</Shell>
<ShellOptions/>
<Com/>
</ATTR_UNIX>
<RUNTIME state="1">
<MaxRetCode>0</MaxRetCode>
<MrcExecute/>
<MrcElseE>0</MrcElseE>
<FcstStatus>0| |</FcstStatus>
<Ert>0</Ert>
<ErtMethodDef>1</ErtMethodDef>
<ErtMethodFix>0</ErtMethodFix>
<ErtFix>0</ErtFix>
<ErtDynMethod>2|Average</ErtDynMethod>
<ErtMethodDyn>0</ErtMethodDyn>
<ErtCnt>0</ErtCnt>
<ErtCorr>0</ErtCorr>
<ErtIgn>0</ErtIgn>
<ErtIgnFlg>0</ErtIgnFlg>
<ErtMinCnt>0</ErtMinCnt>
<MrtMethodNone>1</MrtMethodNone>
<MrtMethodFix>0</MrtMethodFix>
<MrtFix>0</MrtFix>
<MrtMethodErt>0</MrtMethodErt>
<MrtErt>0</MrtErt>
<MrtMethodDate>0</MrtMethodDate>
<MrtDays>0</MrtDays>
<MrtTime>00:00</MrtTime>
<MrtTZ/>
<SrtMethodNone>1</SrtMethodNone>
<SrtMethodFix>0</SrtMethodFix>
<SrtFix>0</SrtFix>
<SrtMethodErt>0</SrtMethodErt>
<SrtErt>0</SrtErt>
<MrtCancel>0</MrtCancel>
<MrtExecute>0</MrtExecute>
<MrtExecuteObj/>
</RUNTIME>
<DYNVALUES state="1">
<dyntree>
<node content="1" id="VALUE" name="Variables" parent="" type="VALUE">
<VALUE state="1">
<Values/>
<Mode>0</Mode>
</VALUE>
</node>
</dyntree>
</DYNVALUES>
<ROLLBACK state="1">
<RollbackFlag>0</RollbackFlag>
<CBackupObj/>
<CRollbackObj/>
<FBackupPath/>
<FDeleteBefore>0</FDeleteBefore>
<FInclSubDirs>0</FInclSubDirs>
</ROLLBACK>
<PRE_SCRIPT mode="1" replacementmode="1" state="1">
<PSCRI><![CDATA[:INCLUDE PCK.ITPA_SHARED.PRV.INCLUDE.PREPARE_JOB]]></PSCRI>
</PRE_SCRIPT>
<SCRIPT mode="1" state="1">
<MSCRI><![CDATA[: DEFINE &STRING_ARR#, string, 30
: INC PCK.ITPA_SHARED.PUB.INCLUDE.SUDOERS_HEADER

!------------------------------------------ LOGGING INPUT PARAMETERS ------------------------------------------
: INC PCK.ITPA_SHARED.PRV.INCLUDE.LOGGING.HEADER.PARAM_VALIDATION

! Host
: SET &UC4RB_LOGGING_PARAMETER# = "AWI base URL"
: SET &UC4RB_LOGGING_PARAMETER_VAL# = "&UC4RB_SNAP_AWI_URL#"
: INC PCK.ITPA_SHARED.PRV.INCLUDE.LOGGING.PARAM

! Connection
: SET &UC4RB_LOGGING_PARAMETER# = "Connection"
: SET &UC4RB_LOGGING_PARAMETER_VAL# = "&UC4RB_SNAP_CONN#"
: INC PCK.ITPA_SHARED.PRV.INCLUDE.LOGGING.PARAM

! Client
: SET &UC4RB_LOGGING_PARAMETER# = "Client"
: SET &UC4RB_LOGGING_PARAMETER_VAL# = "&UC4RB_SNAP_CLIENT#"
: INC PCK.ITPA_SHARED.PRV.INCLUDE.LOGGING.PARAM

! Username
: SET &UC4RB_LOGGING_PARAMETER# = "Username"
: SET &UC4RB_LOGGING_PARAMETER_VAL# = "&UC4RB_SNAP_USR#"
: INC PCK.ITPA_SHARED.PRV.INCLUDE.LOGGING.PARAM

! Department
: SET &UC4RB_LOGGING_PARAMETER# = "Department"
: SET &UC4RB_LOGGING_PARAMETER_VAL# = "&UC4RB_SNAP_DEP#"
: INC PCK.ITPA_SHARED.PRV.INCLUDE.LOGGING.PARAM

! Password
: SET &UC4RB_LOGGING_PARAMETER# = "Password"
: SET &UC4RB_LOGGING_PARAMETER_VAL# = "&UC4RB_SNAP_PASS#"
: INC PCK.ITPA_SHARED.PRV.INCLUDE.LOGGING.PARAM

! Page Load Timeout
: SET &UC4RB_LOGGING_PARAMETER# = "Page Load Timeout"
: SET &UC4RB_LOGGING_PARAMETER_VAL# = "&UC4RB_SNAP_PAGE_TIMEOUT#"
: INC PCK.ITPA_SHARED.PRV.INCLUDE.LOGGING.PARAM

! Dashboard Name
: SET &UC4RB_LOGGING_PARAMETER# = "Dashboard Name"
: SET &UC4RB_LOGGING_PARAMETER_VAL# = "&UC4RB_SNAP_DASHBOARD#"
: INC PCK.ITPA_SHARED.PRV.INCLUDE.LOGGING.PARAM

! File Directory Path
: SET &UC4RB_LOGGING_PARAMETER# = "File Directory Path"
: SET &UC4RB_LOGGING_PARAMETER_VAL# = "&UC4RB_SNAP_FILE_DIR#"
: INC PCK.ITPA_SHARED.PRV.INCLUDE.LOGGING.PARAM

! File Name
: SET &UC4RB_LOGGING_PARAMETER# = "File Name"
: SET &UC4RB_LOGGING_PARAMETER_VAL# = "&UC4RB_SNAP_FILE_NAME#"
: INC PCK.ITPA_SHARED.PRV.INCLUDE.LOGGING.PARAM

! Widget(s) Timeout (Second)
: SET &UC4RB_LOGGING_PARAMETER# = "Widget(s) Timeout (Second)e"
: SET &UC4RB_LOGGING_PARAMETER_VAL# = "&UC4RB_SNAP_WIDGET_TIMEOUT#"
: INC PCK.ITPA_SHARED.PRV.INCLUDE.LOGGING.PARAM


! logging start of execution
: INC PCK.ITPA_SHARED.PRV.INCLUDE.LOGGING.HEADER.EXECUTION

!-------------------------------------------------Forming the command--------------------------------------------
: SET &ACTION_NAME# = "DashboardSnapShot"
: INCLUDE PCK.AUTOMIC_ANALYTICS_SCREENSHOTS.PUB.INCLUDE.ATTACH_RESOURCES
: INC PCK.AUTOMIC_ANALYTICS_SCREENSHOTS.PUB.INCLUDE.PREPARE_CMD@UNIX


! Dashboard Name
: SET &UC4RB_ESCAPED_STRING# = &UC4RB_SNAP_DASHBOARD#
: INC PCK.AUTOMIC_ANALYTICS_SCREENSHOTS.PUB.INCLUDE.ESCAPE_ARG_VALUE@UNIX
: SET &UC4RB_JAVA_CMD# = STR_CAT(&UC4RB_JAVA_CMD#, " -ds &UC4RB_ESCAPED_STRING#")



: SET &UC4RB_CONVERTED_STRING# = &UC4RB_SNAP_FILE_DIR#
: INCLUDE PCK.ITPA_SHARED.PRV.INCLUDE.CONVERT_SLASHES_UNIX_STYLE
: INC PCK.ITPA_SHARED.PRV.INCLUDE.ADD_TRAILING_SLASH
: SET &UC4RB_SNAP_FILE_DIR# = &UC4RB_CONVERTED_STRING#
: SET &UC4RB_SNAP_FULL_PATH# =  STR_CAT(&UC4RB_SNAP_FILE_DIR#, "&UC4RB_SNAP_FILE_NAME#")

! Absolute Path
: SET &UC4RB_ESCAPED_STRING# = &UC4RB_SNAP_FULL_PATH#
: INC PCK.AUTOMIC_ANALYTICS_SCREENSHOTS.PUB.INCLUDE.ESCAPE_ARG_VALUE@UNIX
: SET &UC4RB_JAVA_CMD# = STR_CAT(&UC4RB_JAVA_CMD#, " -f &UC4RB_ESCAPED_STRING#")

! Widget(s) Timeout (Second)
: SET &UC4RB_JAVA_CMD# = STR_CAT(&UC4RB_JAVA_CMD#, " -wt &UC4RB_SNAP_WIDGET_TIMEOUT#")

! publishing screenshot path
:PUBLISH &UC4RB_SNAP_FULL_PATH#,,"TOP"

! logging the command
: PRINT &UC4RB_JAVA_CMD#

! Password is decrypted and send to jar as argument
: IF &UC4RB_SNAP_PASS# <> ""
:   SET &UC4RB_ENCRYPTED_PASSWORD_TMP# = "&UC4RB_SNAP_PASS#"
:   INC PCK.ITPA_SHARED.PRV.INCLUDE.DECRYPT_PASSWORD
: ENDIF

! Invoking java binary
  &UC4RB_JAVA_CMD# -p "$UC4_DECRYPTED_PWD"

! Status messages
: SET &UC4RB_LOGGING_INFO# = "******** CAPTURE DASHBOARD ACTION EXECUTED SUCCESSFULLY ********"
: SET &UC4RB_LOGGING_ERROR# = "******** CAPTURE DASHBOARD ACTION FAILED ********"

!------------------------------------------ Error Handling -----------------------------------------------------------------------------------------------------

: INC PCK.AUTOMIC_ANALYTICS_SCREENSHOTS.PUB.INCLUDE.CHECK_JOBSTATUS
: INC PCK.ITPA_SHARED.PUB.INCLUDE.SUDOERS_FOOTER]]></MSCRI>
</SCRIPT>
<OUTPUTSCAN state="1">
<Inherit>N</Inherit>
<filterobjects/>
<HostFsc/>
<LoginFsc/>
</OUTPUTSCAN>
<POST_SCRIPT mode="1" replacementmode="1" state="1">
<OSCRI/>
</POST_SCRIPT>
<DOCU_Docu state="1" type="text">
<DOC/>
</DOCU_Docu>
</JOBS_UNIX>
<JOBS_WINDOWS AttrType="WINDOWS" name="PCK.AUTOMIC_ANALYTICS_SCREENSHOTS.PRV.JOB.CAPTURE_DASHBOARD@WINDOWS">
<XHEADER state="1">
<Title>Capture dashboard Windows</Title>
<ArchiveKey1/>
<ArchiveKey2/>
<Active>1</Active>
<OH_SubType/>
<CustomAttributes KeyListID="0" dataRequestID="0"/>
</XHEADER>
<OUTPUTREG state="1">
<FileReg/>
</OUTPUTREG>
<SYNCREF state="1">
<Syncs/>
</SYNCREF>
<ATTR_JOBS state="1">
<Queue>CLIENT_QUEUE</Queue>
<StartType/>
<HostDst>|&lt;WIN&gt;|HOST</HostDst>
<HostATTR_Type>WINDOWS</HostATTR_Type>
<CodeName/>
<Login/>
<IntAccount/>
<ExtRepDef>1</ExtRepDef>
<ExtRepAll>0</ExtRepAll>
<ExtRepNone>0</ExtRepNone>
<AutoDeactNo>0</AutoDeactNo>
<AutoDeact1ErrorFree>0</AutoDeact1ErrorFree>
<AutoDeactErrorFree>0</AutoDeactErrorFree>
<DeactWhen/>
<DeactDelay>0</DeactDelay>
<AutoDeactAlways>1</AutoDeactAlways>
<AttDialog>0</AttDialog>
<ActAtRun>1</ActAtRun>
<Consumption>0</Consumption>
<UC4Priority>0</UC4Priority>
<MaxParallel2>0</MaxParallel2>
<MpElse1>1</MpElse1>
<MpElse2>0</MpElse2>
<TZ/>
</ATTR_JOBS>
<ATTR_WINDOWS state="1">
<OutputDb>1</OutputDb>
<OutputDbErr>0</OutputDbErr>
<OutputFile>0</OutputFile>
<IsGenerated>0</IsGenerated>
<BAT>1</BAT>
<COM>0</COM>
<WinBatch>0</WinBatch>
<Standard>0</Standard>
<Minimized>0</Minimized>
<Maximized>1</Maximized>
<JObjDefault>1</JObjDefault>
<JObjYes>0</JObjYes>
<JObjNo>0</JObjNo>
<WorkingDirectory>c:\</WorkingDirectory>
<Command/>
<LogOn>0</LogOn>
<ShowJob>0</ShowJob>
</ATTR_WINDOWS>
<RUNTIME state="1">
<MaxRetCode>0</MaxRetCode>
<MrcExecute/>
<MrcElseE>0</MrcElseE>
<FcstStatus>0| |</FcstStatus>
<Ert>0</Ert>
<ErtMethodDef>1</ErtMethodDef>
<ErtMethodFix>0</ErtMethodFix>
<ErtFix>0</ErtFix>
<ErtDynMethod>2|Average</ErtDynMethod>
<ErtMethodDyn>0</ErtMethodDyn>
<ErtCnt>0</ErtCnt>
<ErtCorr>0</ErtCorr>
<ErtIgn>0</ErtIgn>
<ErtIgnFlg>0</ErtIgnFlg>
<ErtMinCnt>0</ErtMinCnt>
<MrtMethodNone>1</MrtMethodNone>
<MrtMethodFix>0</MrtMethodFix>
<MrtFix>0</MrtFix>
<MrtMethodErt>0</MrtMethodErt>
<MrtErt>0</MrtErt>
<MrtMethodDate>0</MrtMethodDate>
<MrtDays>0</MrtDays>
<MrtTime>00:00</MrtTime>
<MrtTZ/>
<SrtMethodNone>1</SrtMethodNone>
<SrtMethodFix>0</SrtMethodFix>
<SrtFix>0</SrtFix>
<SrtMethodErt>0</SrtMethodErt>
<SrtErt>0</SrtErt>
<MrtCancel>0</MrtCancel>
<MrtExecute>0</MrtExecute>
<MrtExecuteObj/>
</RUNTIME>
<DYNVALUES state="1">
<dyntree>
<node content="1" id="VALUE" name="Variables" parent="" type="VALUE">
<VALUE state="1">
<Values/>
<Mode>0</Mode>
</VALUE>
</node>
</dyntree>
</DYNVALUES>
<ROLLBACK state="1">
<RollbackFlag>0</RollbackFlag>
<CBackupObj/>
<CRollbackObj/>
<FBackupPath/>
<FDeleteBefore>0</FDeleteBefore>
<FInclSubDirs>0</FInclSubDirs>
</ROLLBACK>
<PRE_SCRIPT mode="1" replacementmode="1" state="1">
<PSCRI><![CDATA[:INCLUDE PCK.ITPA_SHARED.PRV.INCLUDE.PREPARE_JOB]]></PSCRI>
</PRE_SCRIPT>
<SCRIPT mode="1" state="1">
<MSCRI><![CDATA[@echo off

!------------------------------------------ LOGGING INPUT PARAMETERS ------------------------------------------
: INC PCK.ITPA_SHARED.PRV.INCLUDE.LOGGING.HEADER.PARAM_VALIDATION

! Host
: SET &UC4RB_LOGGING_PARAMETER# = "AWI base URL"
: SET &UC4RB_LOGGING_PARAMETER_VAL# = "&UC4RB_SNAP_AWI_URL#"
: INC PCK.ITPA_SHARED.PRV.INCLUDE.LOGGING.PARAM

! Connection
: SET &UC4RB_LOGGING_PARAMETER# = "Connection"
: SET &UC4RB_LOGGING_PARAMETER_VAL# = "&UC4RB_SNAP_CONN#"
: INC PCK.ITPA_SHARED.PRV.INCLUDE.LOGGING.PARAM

! Client
: SET &UC4RB_LOGGING_PARAMETER# = "Client"
: SET &UC4RB_LOGGING_PARAMETER_VAL# = "&UC4RB_SNAP_CLIENT#"
: INC PCK.ITPA_SHARED.PRV.INCLUDE.LOGGING.PARAM

! Username
: SET &UC4RB_LOGGING_PARAMETER# = "Username"
: SET &UC4RB_LOGGING_PARAMETER_VAL# = "&UC4RB_SNAP_USR#"
: INC PCK.ITPA_SHARED.PRV.INCLUDE.LOGGING.PARAM

! Department
: SET &UC4RB_LOGGING_PARAMETER# = "Department"
: SET &UC4RB_LOGGING_PARAMETER_VAL# = "&UC4RB_SNAP_DEP#"
: INC PCK.ITPA_SHARED.PRV.INCLUDE.LOGGING.PARAM

! Password
: SET &UC4RB_LOGGING_PARAMETER# = "Password"
: SET &UC4RB_LOGGING_PARAMETER_VAL# = "&UC4RB_SNAP_PASS#"
: INC PCK.ITPA_SHARED.PRV.INCLUDE.LOGGING.PARAM

! Page Load Timeout
: SET &UC4RB_LOGGING_PARAMETER# = "Page Load Timeout"
: SET &UC4RB_LOGGING_PARAMETER_VAL# = "&UC4RB_SNAP_PAGE_TIMEOUT#"
: INC PCK.ITPA_SHARED.PRV.INCLUDE.LOGGING.PARAM

! Dashboard Name
: SET &UC4RB_LOGGING_PARAMETER# = "Dashboard Name"
: SET &UC4RB_LOGGING_PARAMETER_VAL# = "&UC4RB_SNAP_DASHBOARD#"
: INC PCK.ITPA_SHARED.PRV.INCLUDE.LOGGING.PARAM

! File Directory Path
: SET &UC4RB_LOGGING_PARAMETER# = "File Directory Path"
: SET &UC4RB_LOGGING_PARAMETER_VAL# = "&UC4RB_SNAP_FILE_DIR#"
: INC PCK.ITPA_SHARED.PRV.INCLUDE.LOGGING.PARAM

! File Name
: SET &UC4RB_LOGGING_PARAMETER# = "File Name"
: SET &UC4RB_LOGGING_PARAMETER_VAL# = "&UC4RB_SNAP_FILE_NAME#"
: INC PCK.ITPA_SHARED.PRV.INCLUDE.LOGGING.PARAM

! Widget(s) Timeout (Second)
: SET &UC4RB_LOGGING_PARAMETER# = "Widget(s) Timeout (Second)"
: SET &UC4RB_LOGGING_PARAMETER_VAL# = "&UC4RB_SNAP_WIDGET_TIMEOUT#"
: INC PCK.ITPA_SHARED.PRV.INCLUDE.LOGGING.PARAM

! logging start of execution
: INC PCK.ITPA_SHARED.PRV.INCLUDE.LOGGING.HEADER.EXECUTION

!-------------------------------------------------Forming the command--------------------------------------------
: SET &ACTION_NAME# = "DashboardSnapShot"
: INCLUDE PCK.AUTOMIC_ANALYTICS_SCREENSHOTS.PUB.INCLUDE.ATTACH_RESOURCES
: INC PCK.AUTOMIC_ANALYTICS_SCREENSHOTS.PUB.INCLUDE.PREPARE_CMD@WINDOWS


! Dashboard Name
: SET &UC4RB_ESCAPED_STRING# = &UC4RB_SNAP_DASHBOARD#
: INC PCK.AUTOMIC_ANALYTICS_SCREENSHOTS.PUB.INCLUDE.ESCAPE_ARG_VALUE@WIN
: SET &UC4RB_JAVA_CMD# = STR_CAT(&UC4RB_JAVA_CMD#, " -ds &UC4RB_ESCAPED_STRING#")


: SET &UC4RB_CONVERTED_STRING# = &UC4RB_SNAP_FILE_DIR#
: INCLUDE PCK.ITPA_SHARED.PRV.INCLUDE.CONVERT_SLASHES_WINDOWS_STYLE
: SET &LENGTH# = STR_LENGTH(&UC4RB_CONVERTED_STRING#);
:  IF &LENGTH# > 0
:    SET &END_CHAR# = STR_CUT(&UC4RB_CONVERTED_STRING#, &LENGTH#, 1)
:  ELSE
:    SET &END_CHAR# = ""
:  ENDIF

:  IF &END_CHAR# <> "/" OR "\"
:    SET &UC4RB_CONVERTED_STRING# = STR_CAT(&UC4RB_CONVERTED_STRING#, "\")
:  ENDIF
: SET &UC4RB_SNAP_FILE_DIR# = &UC4RB_CONVERTED_STRING#

: SET &UC4RB_SNAP_FULL_PATH# =  STR_CAT(&UC4RB_SNAP_FILE_DIR#, "&UC4RB_SNAP_FILE_NAME#")

! Absolute Path
: SET &UC4RB_ESCAPED_STRING# = &UC4RB_SNAP_FULL_PATH#
: INC PCK.AUTOMIC_ANALYTICS_SCREENSHOTS.PUB.INCLUDE.ESCAPE_ARG_VALUE@WIN
: SET &UC4RB_JAVA_CMD# = STR_CAT(&UC4RB_JAVA_CMD#, " -f &UC4RB_ESCAPED_STRING#")

! Widget(s) Timeout (Second)
: SET &UC4RB_JAVA_CMD# = STR_CAT(&UC4RB_JAVA_CMD#, " -wt &UC4RB_SNAP_WIDGET_TIMEOUT#")

! publishing screenshot path
:PUBLISH &UC4RB_SNAP_FULL_PATH#,,"TOP"

! logging the command
: PRINT &UC4RB_JAVA_CMD#

! Password is decrypted and send to jar as argument
: IF &UC4RB_SNAP_PASS# <> ""
:   SET &UC4RB_ENCRYPTED_PASSWORD_TMP# = "&UC4RB_SNAP_PASS#"
:   INC PCK.ITPA_SHARED.PRV.INCLUDE.DECRYPT_PASSWORD
: ENDIF

! Invoking java binary
  &UC4RB_JAVA_CMD# -p "%UC4_DECRYPTED_PWD%"

! Status messages
: SET &UC4RB_LOGGING_INFO# = "******** CAPTURE DASHBOARD ACTION EXECUTED SUCCESSFULLY ********"
: SET &UC4RB_LOGGING_ERROR# = "******** CAPTURE DASHBOARD ACTION FAILED ********"

!------------------------------------------ Error Handling -----------------------------------------------------------------------------------------------------

: INC PCK.AUTOMIC_ANALYTICS_SCREENSHOTS.PUB.INCLUDE.CHECK_JOBSTATUS]]></MSCRI>
</SCRIPT>
<OUTPUTSCAN state="1">
<Inherit>N</Inherit>
<filterobjects/>
<HostFsc/>
<LoginFsc/>
</OUTPUTSCAN>
<POST_SCRIPT mode="1" replacementmode="1" state="1">
<OSCRI><![CDATA[:SET &UC4RB_VMM_VMATTRIBUTE_VAL# = ""
:SET &STATUS# = GET_UC_OBJECT_STATUS(,,"RETCODE")
:IF &STATUS# EQ 0

:ENDIF
:PUBLISH &UC4RB_VMM_VMATTRIBUTE_VAL#,,"WORKFLOW"]]></OSCRI>
</POST_SCRIPT>
<DOCU_Docu state="1" type="text">
<DOC/>
</DOCU_Docu>
</JOBS_WINDOWS>
<PRPT name="PCK.AUTOMIC_ANALYTICS_SCREENSHOTS.PRV.PROMPTSET.CAPTURE_DASHBOARD">
<HEADER state="1">
<Title>Capture Dashboard</Title>
<ArchiveKey1/>
<ArchiveKey2/>
<OH_SubType/>
</HEADER>
<PROMPTDESIGNER state="1">
<DESIGNER/>
</PROMPTDESIGNER>
<PROMPTSETXUI state="1">
<XUIEDITOR><![CDATA[<dialog height="424" icon="PRPT" id="PRPTS" left="279" top="4" width="441"><readpanel fill="b" id="PRPTBOX" nl="1" scroll="v" text="Capture Dashboard"><properties><entry name="text">Capture Dashboard</entry><entry name="modifiable">0</entry></properties><text alt="1" enabled="1" fill="b" focus="0" id="UC4RB_SNAP_DASHBOARDs.00" inputassistance="0" len="" multiline="0" multilineIcon="0" nl="1" regex="" separator=";" showaspassword="0" text="Dashboard Name" tooltip="Specify public or private dashboard Name. E.g. DASH.OVERVIEW.JOBS" upper="0" required="0"><oninputassistant><command request="_internal" target="_view" targetaction="setAttribute" targetparam="promptname|@id"/><command request="_internal" target="_view" targetaction="setAttribute" targetparam="promptvalue|@value"/><command owner="_promptsetcontainer" owneraction="getData" request="getpromptinputassistance" target="_chainwindow"/></oninputassistant><properties><entry listparam="C" name="reference" reftype="STATIC">UC_DATATYPE_STRING</entry><entry name="text">Dashboard Name</entry><entry name="multiselect">0</entry><entry name="separator">;</entry><entry name="len"/><entry name="quotes"/><entry name="id">UC4RB_SNAP_DASHBOARDs.00</entry><entry name="inputassistance">0</entry><entry name="enabled">0</entry><entry name="upper">0</entry><entry name="focus">0</entry><entry name="showaspassword">0</entry><entry name="tooltip">Specify public or private dashboard Name. E.g. DASH.OVERVIEW.JOBS</entry><entry name="customfield"/><entry name="xmlkey"/><entry name="xmlpath"/><entry name="modifiable">1</entry><entry name="multiline">0</entry><entry name="multilineIcon">0</entry><entry name="regex"/><entry name="required">1</entry><entry name="resetable">1</entry><entry name="initvalue"/><entry name="onchangereset"/></properties></text><text alt="1" enabled="1" fill="b" focus="0" id="UC4RB_SNAP_FILE_DIRs.00" inputassistance="0" len="" multiline="0" multilineIcon="0" nl="1" regex="" separator=";" showaspassword="0" text="File Directory Path" tooltip="File directory path of agent machine to save dashboard screenshot. E.g. D:\screenshots" upper="0" required="0"><oninputassistant><command request="_internal" target="_view" targetaction="setAttribute" targetparam="promptname|@id"/><command request="_internal" target="_view" targetaction="setAttribute" targetparam="promptvalue|@value"/><command owner="_promptsetcontainer" owneraction="getData" request="getpromptinputassistance" target="_chainwindow"/></oninputassistant><properties><entry listparam="C" name="reference" reftype="STATIC">UC_DATATYPE_STRING</entry><entry name="text">File Directory Path</entry><entry name="multiselect">0</entry><entry name="separator">;</entry><entry name="len"/><entry name="quotes"/><entry name="id">UC4RB_SNAP_FILE_DIRs.00</entry><entry name="inputassistance">0</entry><entry name="enabled">0</entry><entry name="upper">0</entry><entry name="focus">0</entry><entry name="showaspassword">0</entry><entry name="tooltip">File directory path of agent machine to save dashboard screenshot. E.g. D:\screenshots</entry><entry name="customfield"/><entry name="xmlkey"/><entry name="xmlpath"/><entry name="modifiable">1</entry><entry name="multiline">0</entry><entry name="multilineIcon">0</entry><entry name="regex"/><entry name="required">1</entry><entry name="resetable">1</entry><entry name="initvalue"/><entry name="onchangereset"/></properties></text><text alt="1" enabled="1" fill="b" focus="0" id="UC4RB_SNAP_FILE_NAMEs.00" inputassistance="0" len="" multiline="0" multilineIcon="0" nl="1" regex="" separator=";" showaspassword="0" text="File Name" tooltip="File name, only PNG file type supported. E.g.dashboard_snapshot.png" upper="0" required="0"><oninputassistant><command request="_internal" target="_view" targetaction="setAttribute" targetparam="promptname|@id"/><command request="_internal" target="_view" targetaction="setAttribute" targetparam="promptvalue|@value"/><command owner="_promptsetcontainer" owneraction="getData" request="getpromptinputassistance" target="_chainwindow"/></oninputassistant><properties><entry listparam="C" name="reference" reftype="STATIC">UC_DATATYPE_STRING</entry><entry name="text">File Name</entry><entry name="multiselect">0</entry><entry name="separator">;</entry><entry name="len"/><entry name="quotes"/><entry name="id">UC4RB_SNAP_FILE_NAMEs.00</entry><entry name="inputassistance">0</entry><entry name="enabled">0</entry><entry name="upper">0</entry><entry name="focus">0</entry><entry name="showaspassword">0</entry><entry name="tooltip">File name, only PNG file type supported. E.g.dashboard_snapshot.png</entry><entry name="customfield"/><entry name="xmlkey"/><entry name="xmlpath"/><entry name="modifiable">1</entry><entry name="multiline">0</entry><entry name="multilineIcon">0</entry><entry name="regex"/><entry name="required">1</entry><entry name="resetable">1</entry><entry name="initvalue"/><entry name="onchangereset"/></properties></text><integer alt="1" enabled="1" fill="b" focus="0" id="UC4RB_SNAP_WIDGET_TIMEOUTs.00" max="" min="0" nl="1" text="Widget(s) Timeout (Second)" tooltip="Provide dashboard widget(s) load timeout in second. Default timeout is 5 second."><properties><entry listparam="N" name="reference" reftype="STATIC">UC_DATATYPE_NUMERIC</entry><entry name="text">Widget(s) Timeout (Second)</entry><entry name="min">0</entry><entry name="max"/><entry name="quotes"/><entry name="id">UC4RB_SNAP_WIDGET_TIMEOUTs.00</entry><entry name="enabled">0</entry><entry name="focus">0</entry><entry name="tooltip">Provide dashboard widget(s) load timeout in second. Default timeout is 5 second.</entry><entry name="customfield"/><entry name="modifiable">1</entry><entry name="initvalue">0</entry></properties></integer></readpanel></dialog>]]></XUIEDITOR>
</PROMPTSETXUI>
<PROMPTSETDATA state="1">
<DATAEDITOR><![CDATA[<PRPTS ontop="1"><PRPTBOX><UC4RB_SNAP_DASHBOARDs.00 haslist="0" msgnr="-1" msginsert="" altview="0" promptname="UC4RB_SNAP_DASHBOARD#" ReadFromTable="OPSE"></UC4RB_SNAP_DASHBOARDs.00><UC4RB_SNAP_FILE_DIRs.00 haslist="0" msgnr="-1" msginsert="" altview="0" promptname="UC4RB_SNAP_FILE_DIR#" ReadFromTable="OPSE"></UC4RB_SNAP_FILE_DIRs.00><UC4RB_SNAP_FILE_NAMEs.00 haslist="0" msgnr="-1" msginsert="" altview="0" promptname="UC4RB_SNAP_FILE_NAME#" ReadFromTable="OPSE">-sample-&amp;$RUNID#.PNG</UC4RB_SNAP_FILE_NAMEs.00><UC4RB_SNAP_WIDGET_TIMEOUTs.00 haslist="0" msgnr="-1" msginsert="" altview="0" promptname="UC4RB_SNAP_WIDGET_TIMEOUT#" ReadFromTable="OPSE">5</UC4RB_SNAP_WIDGET_TIMEOUTs.00></PRPTBOX></PRPTS>]]></DATAEDITOR>
</PROMPTSETDATA>
<DOCU_Docu state="1" type="text">
<DOC/>
</DOCU_Docu>
</PRPT>
<JOBI name="PCK.AUTOMIC_ANALYTICS_SCREENSHOTS.PUB.INCLUDE.CHECK_JOBSTATUS">
<HEADER state="1">
<Title>Check Return Code</Title>
<ArchiveKey1/>
<ArchiveKey2/>
<OH_SubType/>
</HEADER>
<SCRIPT mode="1" state="1">
<MSCRI><![CDATA[:SWITCH &$PLATFORM#
:CASE "WINDOWS"
IF %ERRORLEVEL% EQU 0 (
:INC PCK.ITPA_SHARED.PRV.INCLUDE.LOGGING.INFO
)ELSE (
:INC PCK.ITPA_SHARED.PRV.INCLUDE.LOGGING.ERROR
)
:INC PCK.ITPA_SHARED.PRV.INCLUDE.CHECK_CMDLINE_CMD@WINDOWS

:CASE "UNIX"
execcode=$?
if [ $execcode -eq 0 ]
then
:  INC PCK.ITPA_SHARED.PRV.INCLUDE.LOGGING.INFO
else
:  INC PCK.ITPA_SHARED.PRV.INCLUDE.LOGGING.ERROR
fi
if [ "$execcode" -ne "0" ]
then
    exit $execcode
fi
:OTHER
:ENDSWITCH]]></MSCRI>
</SCRIPT>
<DOCU_Docu state="1" type="text">
<DOC/>
</DOCU_Docu>
</JOBI>
<JOBI name="PCK.AUTOMIC_ANALYTICS_SCREENSHOTS.PUB.INCLUDE.ESCAPE_ARG_VALUE@UNIX">
<HEADER state="1">
<Title>Escape Argument</Title>
<ArchiveKey1/>
<ArchiveKey2/>
<OH_SubType/>
</HEADER>
<SCRIPT mode="1" state="1">
<MSCRI><![CDATA[! We escape characters based on Platform for java Strings

! Removes empty spaces at the beginning and the end of a string
: SET &UC4RB_ESCAPED_STRING# = STR_TRIM(&UC4RB_ESCAPED_STRING#)

: SET &UC4RB_ESCAPED_STRING# = STR_SUB(&UC4RB_ESCAPED_STRING#, "\", "\\")
: SET &UC4RB_ESCAPED_STRING# = STR_SUB(&UC4RB_ESCAPED_STRING#, "$", "\$")
: SET &UC4RB_ESCAPED_STRING# = STR_SUB(&UC4RB_ESCAPED_STRING#, "`", "\`")

! Escape double-quotes
: SET &UC4RB_ESCAPED_STRING# = STR_SUB(&UC4RB_ESCAPED_STRING#, '"', '\"')

! then we add double-quotes to String to preserve spaces in value
: SET &UC4RB_ESCAPED_STRING# = STR_CAT('"', &UC4RB_ESCAPED_STRING#)
: SET &UC4RB_ESCAPED_STRING# = STR_CAT(&UC4RB_ESCAPED_STRING#, '"')]]></MSCRI>
</SCRIPT>
<DOCU_Docu state="1" type="text">
<DOC/>
</DOCU_Docu>
</JOBI>
<JOBI name="PCK.AUTOMIC_ANALYTICS_SCREENSHOTS.PUB.INCLUDE.ESCAPE_ARG_VALUE@WIN">
<HEADER state="1">
<Title>Escape Argument</Title>
<ArchiveKey1/>
<ArchiveKey2/>
<OH_SubType/>
</HEADER>
<SCRIPT mode="1" state="1">
<MSCRI><![CDATA[! We escape characters based on Platform for java Strings

! Removes empty spaces at the beginning and the end of a string
: SET &UC4RB_ESCAPED_STRING# = STR_TRIM(&UC4RB_ESCAPED_STRING#)

: SET &UC4RB_ESCAPED_STRING# = STR_SUB(&UC4RB_ESCAPED_STRING#, "%", "%%")
: SET &UC4RB_ESCAPED_STRING# = STR_SUB(&UC4RB_ESCAPED_STRING#, "\", "\\")

! Escape double-quotes
: SET &UC4RB_ESCAPED_STRING# = STR_SUB(&UC4RB_ESCAPED_STRING#, '"', '\"')

! then we add double-quotes to String to preserve spaces in value
: SET &UC4RB_ESCAPED_STRING# = STR_CAT('"', &UC4RB_ESCAPED_STRING#)
: SET &UC4RB_ESCAPED_STRING# = STR_CAT(&UC4RB_ESCAPED_STRING#, '"')]]></MSCRI>
</SCRIPT>
<DOCU_Docu state="1" type="text">
<DOC/>
</DOCU_Docu>
</JOBI>
<JOBI name="PCK.AUTOMIC_ANALYTICS_SCREENSHOTS.PUB.INCLUDE.ATTACH_RESOURCES">
<HEADER state="1">
<Title/>
<ArchiveKey1/>
<ArchiveKey2/>
<OH_SubType/>
</HEADER>
<SCRIPT mode="1" state="1">
<MSCRI><![CDATA[:INC PCK.ITPA_SHARED.PUB.INCLUDE.ATTACH
:ATTACH_RES "PCK.AUTOMIC_ANALYTICS_SCREENSHOTS.PRV.STORE", "ANALYTICS.JAR", C, N

]]></MSCRI>
</SCRIPT>
<DOCU_Docu state="1" type="text">
<DOC/>
</DOCU_Docu>
</JOBI>
<JOBI name="PCK.AUTOMIC_ANALYTICS_SCREENSHOTS.PUB.INCLUDE.PREPARE_CMD@UNIX">
<HEADER state="1">
<Title>Prepare Command unix</Title>
<ArchiveKey1/>
<ArchiveKey2/>
<OH_SubType/>
</HEADER>
<SCRIPT mode="1" state="1">
<MSCRI><![CDATA[: SET &UC4RB_JAVA_CMD# = 'java -jar "&$AGENT_RESOURCES_CLIENT#analytics-tool.jar"'
: SET &UC4RB_JAVA_CMD# = STR_CAT(&UC4RB_JAVA_CMD#, " -action &ACTION_NAME#")

! !AWI base URL
: SET &UC4RB_ESCAPED_STRING# = &UC4RB_SNAP_AWI_URL#
: INC PCK.AUTOMIC_ANALYTICS_SCREENSHOTS.PUB.INCLUDE.ESCAPE_ARG_VALUE@UNIX
: SET &UC4RB_JAVA_CMD# = STR_CAT(&UC4RB_JAVA_CMD#, " -url &UC4RB_ESCAPED_STRING#")

! AWI Version
: SET &UC4RB_JAVA_CMD# = STR_CAT(&UC4RB_JAVA_CMD#, " -v 12")

! Connection
: SET &UC4RB_ESCAPED_STRING# = &UC4RB_SNAP_CONN#
: INC PCK.AUTOMIC_ANALYTICS_SCREENSHOTS.PUB.INCLUDE.ESCAPE_ARG_VALUE@UNIX
: SET &UC4RB_JAVA_CMD# = STR_CAT(&UC4RB_JAVA_CMD#, " -n &UC4RB_ESCAPED_STRING#")

! Client
: SET &UC4RB_ESCAPED_STRING# = &UC4RB_SNAP_CLIENT#
: INC PCK.AUTOMIC_ANALYTICS_SCREENSHOTS.PUB.INCLUDE.ESCAPE_ARG_VALUE@UNIX
: SET &UC4RB_JAVA_CMD# = STR_CAT(&UC4RB_JAVA_CMD#, " -c &UC4RB_ESCAPED_STRING#")

! Username
: SET &UC4RB_ESCAPED_STRING# = &UC4RB_SNAP_USR#
: INC PCK.AUTOMIC_ANALYTICS_SCREENSHOTS.PUB.INCLUDE.ESCAPE_ARG_VALUE@UNIX
: SET &UC4RB_JAVA_CMD# = STR_CAT(&UC4RB_JAVA_CMD#, " -u &UC4RB_ESCAPED_STRING#")

! Department
: IF  &UC4RB_SNAP_DEP# NE ""
:   SET &UC4RB_ESCAPED_STRING# = &UC4RB_SNAP_DEP#
:   INC PCK.AUTOMIC_ANALYTICS_SCREENSHOTS.PUB.INCLUDE.ESCAPE_ARG_VALUE@UNIX
:   SET &UC4RB_JAVA_CMD# = STR_CAT(&UC4RB_JAVA_CMD#, " -d &UC4RB_ESCAPED_STRING#")
: ENDIF

! Page Load Timeout
: SET &UC4RB_JAVA_CMD# = STR_CAT(&UC4RB_JAVA_CMD#, " -t &UC4RB_SNAP_PAGE_TIMEOUT#")

! Ignore SSL issues
: SET &UC4RB_JAVA_CMD# = STR_CAT(&UC4RB_JAVA_CMD#, " -ssl &UC4RB_SNAP_SSL#")

]]></MSCRI>
</SCRIPT>
<DOCU_Docu state="1" type="text">
<DOC/>
</DOCU_Docu>
</JOBI>
<JOBI name="PCK.AUTOMIC_ANALYTICS_SCREENSHOTS.PUB.INCLUDE.PREPARE_CMD@WINDOWS">
<HEADER state="1">
<Title>Prepare Command windows</Title>
<ArchiveKey1/>
<ArchiveKey2/>
<OH_SubType/>
</HEADER>
<SCRIPT mode="1" state="1">
<MSCRI><![CDATA[: SET &UC4RB_JAVA_CMD# = 'java -jar "&$AGENT_RESOURCES_CLIENT#analytics-tool.jar"'
: SET &UC4RB_JAVA_CMD# = STR_CAT(&UC4RB_JAVA_CMD#, " -action &ACTION_NAME#")

! !AWI base URL
: SET &UC4RB_ESCAPED_STRING# = &UC4RB_SNAP_AWI_URL#
: INC PCK.AUTOMIC_ANALYTICS_SCREENSHOTS.PUB.INCLUDE.ESCAPE_ARG_VALUE@WIN
: SET &UC4RB_JAVA_CMD# = STR_CAT(&UC4RB_JAVA_CMD#, " -url &UC4RB_ESCAPED_STRING#")

! AWI Version
: SET &UC4RB_JAVA_CMD# = STR_CAT(&UC4RB_JAVA_CMD#, " -v 12")

! Connection
: SET &UC4RB_ESCAPED_STRING# = &UC4RB_SNAP_CONN#
: INC PCK.AUTOMIC_ANALYTICS_SCREENSHOTS.PUB.INCLUDE.ESCAPE_ARG_VALUE@WIN
: SET &UC4RB_JAVA_CMD# = STR_CAT(&UC4RB_JAVA_CMD#, " -n &UC4RB_ESCAPED_STRING#")

! Client
: SET &UC4RB_ESCAPED_STRING# = &UC4RB_SNAP_CLIENT#
: INC PCK.AUTOMIC_ANALYTICS_SCREENSHOTS.PUB.INCLUDE.ESCAPE_ARG_VALUE@WIN
: SET &UC4RB_JAVA_CMD# = STR_CAT(&UC4RB_JAVA_CMD#, " -c &UC4RB_ESCAPED_STRING#")

! Username
: SET &UC4RB_ESCAPED_STRING# = &UC4RB_SNAP_USR#
: INC PCK.AUTOMIC_ANALYTICS_SCREENSHOTS.PUB.INCLUDE.ESCAPE_ARG_VALUE@WIN
: SET &UC4RB_JAVA_CMD# = STR_CAT(&UC4RB_JAVA_CMD#, " -u &UC4RB_ESCAPED_STRING#")

! Department
: IF  &UC4RB_SNAP_DEP# NE ""
: SET &UC4RB_ESCAPED_STRING# = &UC4RB_SNAP_DEP#
: INC PCK.AUTOMIC_ANALYTICS_SCREENSHOTS.PUB.INCLUDE.ESCAPE_ARG_VALUE@WIN
: SET &UC4RB_JAVA_CMD# = STR_CAT(&UC4RB_JAVA_CMD#, " -d &UC4RB_ESCAPED_STRING#")
: ENDIF

! Page Load Timeout
: SET &UC4RB_JAVA_CMD# = STR_CAT(&UC4RB_JAVA_CMD#, " -t &UC4RB_SNAP_PAGE_TIMEOUT#")

! Ignore SSL issues
: SET &UC4RB_JAVA_CMD# = STR_CAT(&UC4RB_JAVA_CMD#, " -ssl &UC4RB_SNAP_SSL#")


]]></MSCRI>
</SCRIPT>
<DOCU_Docu state="1" type="text">
<DOC/>
</DOCU_Docu>
</JOBI>
<PRPT name="PCK.AUTOMIC_ANALYTICS_SCREENSHOTS.PUB.PROMPTSET.CONNECTION_DETAILS">
<HEADER state="1">
<Title>Connection Details</Title>
<ArchiveKey1/>
<ArchiveKey2/>
<OH_SubType/>
</HEADER>
<PROMPTDESIGNER state="1">
<DESIGNER/>
</PROMPTDESIGNER>
<PROMPTSETXUI state="1">
<XUIEDITOR><![CDATA[<dialog height="506" icon="PRPT" id="PRPTS" left="279" top="4" width="420"><readpanel fill="b" id="PRPTBOX" nl="1" scroll="v" text="Connection Details"><properties><entry name="text">Connection Details</entry><entry name="modifiable">0</entry></properties><text alt="1" enabled="1" fill="b" focus="0" id="UC4RB_SNAP_AWI_URLs.00" inputassistance="0" len="" multiline="0" multilineIcon="0" nl="1" regex="" separator=";" showaspassword="0" text="AWI base URL" tooltip="Url to AWI, required to create the snapshot of the dashboards. Must be reachable from the selected agent. E.g. http://vvieintegr0201:8080/awi" upper="0" required="0"><oninputassistant><command request="_internal" target="_view" targetaction="setAttribute" targetparam="promptname|@id"/><command request="_internal" target="_view" targetaction="setAttribute" targetparam="promptvalue|@value"/><command owner="_promptsetcontainer" owneraction="getData" request="getpromptinputassistance" target="_chainwindow"/></oninputassistant><properties><entry listparam="C" name="reference" reftype="STATIC">UC_DATATYPE_STRING</entry><entry name="text">AWI base URL</entry><entry name="multiselect">0</entry><entry name="separator">;</entry><entry name="len"/><entry name="quotes"/><entry name="id">UC4RB_SNAP_AWI_URLs.00</entry><entry name="inputassistance">0</entry><entry name="enabled">0</entry><entry name="upper">0</entry><entry name="focus">0</entry><entry name="showaspassword">0</entry><entry name="tooltip">Url to AWI, required to create the snapshot of the dashboards. Must be reachable from the selected agent. E.g. http://vvieintegr0201:8080/awi</entry><entry name="customfield"/><entry name="xmlkey"/><entry name="xmlpath"/><entry name="modifiable">1</entry><entry name="multiline">0</entry><entry name="multilineIcon">0</entry><entry name="regex"/><entry name="required">1</entry><entry name="resetable">1</entry><entry name="initvalue"/><entry name="onchangereset"/></properties></text><text alt="1" enabled="1" fill="b" focus="0" id="UC4RB_SNAP_CONNs.00" inputassistance="0" len="" multiline="0" multilineIcon="0" nl="1" regex="" separator=";" showaspassword="0" text="Connection" tooltip="Provide Automic connection. Default value is AUTOMIC. E.g. AUTOMIC" upper="0" required="0"><oninputassistant><command request="_internal" target="_view" targetaction="setAttribute" targetparam="promptname|@id"/><command request="_internal" target="_view" targetaction="setAttribute" targetparam="promptvalue|@value"/><command owner="_promptsetcontainer" owneraction="getData" request="getpromptinputassistance" target="_chainwindow"/></oninputassistant><properties><entry listparam="C" name="reference" reftype="STATIC">UC_DATATYPE_STRING</entry><entry name="text">Connection</entry><entry name="multiselect">0</entry><entry name="separator">;</entry><entry name="len"/><entry name="quotes"/><entry name="id">UC4RB_SNAP_CONNs.00</entry><entry name="inputassistance">0</entry><entry name="enabled">0</entry><entry name="upper">0</entry><entry name="focus">0</entry><entry name="showaspassword">0</entry><entry name="tooltip">Provide Automic connection. Default value is AUTOMIC. E.g. AUTOMIC</entry><entry name="customfield"/><entry name="xmlkey"/><entry name="xmlpath"/><entry name="modifiable">1</entry><entry name="multiline">0</entry><entry name="multilineIcon">0</entry><entry name="regex"/><entry name="required">1</entry><entry name="resetable">1</entry><entry name="initvalue"/><entry name="onchangereset"/></properties></text><text alt="1" enabled="1" fill="b" focus="0" id="UC4RB_SNAP_CLIENTs.00" inputassistance="0" len="" multiline="0" multilineIcon="0" nl="1" regex="" separator=";" showaspassword="0" text="Client" tooltip="Provide client number. E.g. 100" upper="0" required="0"><oninputassistant><command request="_internal" target="_view" targetaction="setAttribute" targetparam="promptname|@id"/><command request="_internal" target="_view" targetaction="setAttribute" targetparam="promptvalue|@value"/><command owner="_promptsetcontainer" owneraction="getData" request="getpromptinputassistance" target="_chainwindow"/></oninputassistant><properties><entry listparam="C" name="reference" reftype="STATIC">UC_DATATYPE_STRING</entry><entry name="text">Client</entry><entry name="multiselect">0</entry><entry name="separator">;</entry><entry name="len"/><entry name="quotes"/><entry name="id">UC4RB_SNAP_CLIENTs.00</entry><entry name="inputassistance">0</entry><entry name="enabled">0</entry><entry name="upper">0</entry><entry name="focus">0</entry><entry name="showaspassword">0</entry><entry name="tooltip">Provide client number. E.g. 100</entry><entry name="customfield"/><entry name="xmlkey"/><entry name="xmlpath"/><entry name="modifiable">1</entry><entry name="multiline">0</entry><entry name="multilineIcon">0</entry><entry name="regex"/><entry name="required">1</entry><entry name="resetable">1</entry><entry name="initvalue"/><entry name="onchangereset"/></properties></text><text alt="1" enabled="1" fill="b" focus="0" id="UC4RB_SNAP_USRs.00" inputassistance="0" len="" multiline="0" multilineIcon="0" nl="1" regex="" separator=";" showaspassword="0" text="Username" tooltip="Provide username. E.g. AUTOMIC" upper="0" required="0"><oninputassistant><command request="_internal" target="_view" targetaction="setAttribute" targetparam="promptname|@id"/><command request="_internal" target="_view" targetaction="setAttribute" targetparam="promptvalue|@value"/><command owner="_promptsetcontainer" owneraction="getData" request="getpromptinputassistance" target="_chainwindow"/></oninputassistant><properties><entry listparam="C" name="reference" reftype="STATIC">UC_DATATYPE_STRING</entry><entry name="text">Username</entry><entry name="multiselect">0</entry><entry name="separator">;</entry><entry name="len"/><entry name="quotes"/><entry name="id">UC4RB_SNAP_USRs.00</entry><entry name="inputassistance">0</entry><entry name="enabled">0</entry><entry name="upper">0</entry><entry name="focus">0</entry><entry name="showaspassword">0</entry><entry name="tooltip">Provide username. E.g. AUTOMIC</entry><entry name="customfield"/><entry name="xmlkey"/><entry name="xmlpath"/><entry name="modifiable">1</entry><entry name="multiline">0</entry><entry name="multilineIcon">0</entry><entry name="regex"/><entry name="required">1</entry><entry name="resetable">1</entry><entry name="initvalue"/><entry name="onchangereset"/></properties></text><text alt="1" enabled="1" fill="b" focus="0" id="UC4RB_SNAP_DEPs.00" inputassistance="0" len="" multiline="0" multilineIcon="0" nl="1" regex="" required="0" separator=";" showaspassword="0" text="Department" tooltip="Provide department. E.g. AUTOMIC" upper="0"><oninputassistant><command request="_internal" target="_view" targetaction="setAttribute" targetparam="promptname|@id"/><command request="_internal" target="_view" targetaction="setAttribute" targetparam="promptvalue|@value"/><command owner="_promptsetcontainer" owneraction="getData" request="getpromptinputassistance" target="_chainwindow"/></oninputassistant><properties><entry listparam="C" name="reference" reftype="STATIC">UC_DATATYPE_STRING</entry><entry name="text">Department</entry><entry name="multiselect">0</entry><entry name="separator">;</entry><entry name="len"/><entry name="quotes"/><entry name="id">UC4RB_SNAP_DEPs.00</entry><entry name="inputassistance">0</entry><entry name="enabled">0</entry><entry name="upper">0</entry><entry name="focus">0</entry><entry name="showaspassword">0</entry><entry name="tooltip">Provide department. E.g. AUTOMIC</entry><entry name="customfield"/><entry name="xmlkey"/><entry name="xmlpath"/><entry name="modifiable">1</entry><entry name="multiline">0</entry><entry name="multilineIcon">0</entry><entry name="regex"/><entry name="required">0</entry><entry name="initvalue"/><entry name="onchangereset"/><entry name="resetable">1</entry></properties></text><text alt="1" enabled="1" fill="b" focus="0" id="UC4RB_SNAP_PASSs.00" inputassistance="0" len="" multiline="0" multilineIcon="0" nl="1" regex="" separator=";" showaspassword="1" text="Password" tooltip="Provide password." upper="0" required="0"><oninputassistant><command request="_internal" target="_view" targetaction="setAttribute" targetparam="promptname|@id"/><command request="_internal" target="_view" targetaction="setAttribute" targetparam="promptvalue|@value"/><command owner="_promptsetcontainer" owneraction="getData" request="getpromptinputassistance" target="_chainwindow"/></oninputassistant><properties><entry listparam="C" name="reference" reftype="STATIC">UC_DATATYPE_STRING</entry><entry name="text">Password</entry><entry name="multiselect">0</entry><entry name="separator">;</entry><entry name="len"/><entry name="quotes"/><entry name="id">UC4RB_SNAP_PASSs.00</entry><entry name="inputassistance">0</entry><entry name="enabled">0</entry><entry name="upper">0</entry><entry name="focus">0</entry><entry name="showaspassword">1</entry><entry name="tooltip">Provide password.</entry><entry name="customfield"/><entry name="xmlkey"/><entry name="xmlpath"/><entry name="modifiable">1</entry><entry name="multiline">0</entry><entry name="multilineIcon">0</entry><entry name="regex"/><entry name="required">1</entry><entry name="resetable">1</entry><entry name="initvalue"/><entry name="onchangereset"/></properties></text><integer alt="1" enabled="1" fill="b" focus="0" id="UC4RB_SNAP_PAGE_TIMEOUTs.00" max="" min="5" nl="1" text="Page Load Timeout (seconds)" tooltip="Provide page load timeout in second. Default is 30 second."><properties><entry listparam="N" name="reference" reftype="STATIC">UC_DATATYPE_NUMERIC</entry><entry name="text">Page Load Timeout (seconds)</entry><entry name="min">5</entry><entry name="max"/><entry name="quotes"/><entry name="id">UC4RB_SNAP_PAGE_TIMEOUTs.00</entry><entry name="enabled">0</entry><entry name="focus">0</entry><entry name="tooltip">Provide page load timeout in second. Default is 30 second.</entry><entry name="customfield"/><entry name="modifiable">1</entry><entry name="initvalue">0</entry></properties></integer><dynradiogroup alt="1" enabled="1" fill="b" focus="0" id="UC4RB_SNAP_SSLs.00" nl="1" quotes="" text="Ignore SSL issues" tooltip="Ignore SSL issues that arise from untrusted certificates as well as hostname mismatches." required="0"><properties><entry listparam="C" name="reference" reftype="STATIC">PCK.ITPA_SHARED.PRV.VARA.YES_NO</entry><entry name="text">Ignore SSL issues</entry><entry name="quotes"/><entry name="id">UC4RB_SNAP_SSLs.00</entry><entry name="enabled">0</entry><entry name="focus">0</entry><entry name="tooltip">Ignore SSL issues that arise from untrusted certificates as well as hostname mismatches.</entry><entry name="customfield"/><entry name="modifiable">1</entry><entry name="xmlkey"/><entry name="xmlpath"/><entry name="initvalue"/></properties></dynradiogroup></readpanel></dialog>]]></XUIEDITOR>
</PROMPTSETXUI>
<PROMPTSETDATA state="1">
<DATAEDITOR><![CDATA[<PRPTS ontop="1"><PRPTBOX><UC4RB_SNAP_AWI_URLs.00 haslist="0" msgnr="-1" msginsert="" altview="0" promptname="UC4RB_SNAP_AWI_URL#" ReadFromTable="OPSE"></UC4RB_SNAP_AWI_URLs.00><UC4RB_SNAP_CONNs.00 haslist="0" msgnr="-1" msginsert="" altview="0" promptname="UC4RB_SNAP_CONN#" ReadFromTable="OPSE"></UC4RB_SNAP_CONNs.00><UC4RB_SNAP_CLIENTs.00 haslist="0" msgnr="-1" msginsert="" altview="0" promptname="UC4RB_SNAP_CLIENT#" ReadFromTable="OPSE"></UC4RB_SNAP_CLIENTs.00><UC4RB_SNAP_USRs.00 haslist="0" msgnr="-1" msginsert="" altview="0" promptname="UC4RB_SNAP_USR#" ReadFromTable="OPSE"></UC4RB_SNAP_USRs.00><UC4RB_SNAP_DEPs.00 haslist="0" msgnr="-1" msginsert="" altview="0" promptname="UC4RB_SNAP_DEP#" ReadFromTable="OPSE">UC</UC4RB_SNAP_DEPs.00><UC4RB_SNAP_PASSs.00 haslist="0" msgnr="-1" msginsert="" altview="0" promptname="UC4RB_SNAP_PASS#" ReadFromTable="OPSE">--10</UC4RB_SNAP_PASSs.00><UC4RB_SNAP_PAGE_TIMEOUTs.00 haslist="0" msgnr="-1" msginsert="" altview="0" promptname="UC4RB_SNAP_PAGE_TIMEOUT#" ReadFromTable="OPSE">30</UC4RB_SNAP_PAGE_TIMEOUTs.00><UC4RB_SNAP_SSLs.00 haslist="0" msgnr="-1" msginsert="" altview="0" promptname="UC4RB_SNAP_SSL#" ReadFromTable="OPSE">NO</UC4RB_SNAP_SSLs.00></PRPTBOX></PRPTS>]]></DATAEDITOR>
</PROMPTSETDATA>
<DOCU_Docu state="1" type="text">
<DOC/>
</DOCU_Docu>
</PRPT>
<VARA OVD_VRName="FREI" data_type="STATIC" name="PCK.AUTOMIC_ANALYTICS_SCREENSHOTS.PRV.VARA.AWI_VERSION" replacementmode="2">
<HEADER state="1">
<Title>AWI Versions</Title>
<ArchiveKey1/>
<ArchiveKey2/>
<OH_SubType>STATIC</OH_SubType>
</HEADER>
<ATTR_VARA state="1">
<Type>C|Text</Type>
<lblSource>Static</lblSource>
<source>STATIC</source>
<VRName>FREI|Freely selected</VRName>
<NotFoundErr>0</NotFoundErr>
<NotFoundDef>1</NotFoundDef>
<ShareN>0</ShareN>
<ShareL>0</ShareL>
<ShareR>0</ShareR>
<MaxValue_C>1024</MaxValue_C>
<CheckMax_C>0</CheckMax_C>
<uppercase>0</uppercase>
<sortColumn>0</sortColumn>
<sortDirection>0</sortDirection>
<HostType/>
</ATTR_VARA>
<VARA state="1">
<Variables>
<row Name="12" Value="12" Value1="" Value2="" Value3="" Value4=""/>
<row Name="21" Value="21" Value1="" Value2="" Value3="" Value4=""/>
</Variables>
</VARA>
<DOCU_Docu state="1" type="text">
<DOC/>
</DOCU_Docu>
</VARA>
</uc-export>